"hfpxzc href","xxVWCe","MW4etd","UY7F9","W4Efsd","W4Efsd 2","W4Efsd 3","W4Efsd 4","lcr4fd href","Cw1rxd","R8c4Qb","Cw1rxd 2","R8c4Qb 2","UsdlK","doJOZc","W4Efsd 5","W4Efsd 6","Jn12ke src","ah5Ghc","ah5Ghc 2","ah5Ghc 3","W4Efsd 7"
"","","","","","","","","","","","","","","","","","","","","",""
"","","","","","","","","","","","","","","","","","","","","",""
"https://www.google.com/maps/place/Airlie+Ivanhoe/data=!4m7!3m6!1s0x6ad6441a9c32395b:0xd719faef9bf64777!8m2!3d-37.771466!4d145.040063!16s%2Fg%2F11hhttmbrg!19sChIJWzkynBpE1moRd0f2m-_6Gdc?authuser=0&hl=en&g_ep=EgoyMDI2MDkwMi4wIJJjKgBIAVAD&rclk=1","Airlie Ivanhoe","5.0","(1)","Retirement community","·","1 Waverley Avenue","Open 24 hours","https://www.google.com/aclk?sa=L&ai=DChsSEwjEifPNiuCWAxU7I0QIHUe7EHcYACICCAEQAxoCZHo&co=1&ase=2&gclid=Cj0KCQjw5P7UBhDaARIsAOSlS1Pq9yVkxhRbc-3K5OCN3bf68mEe5ReIt8A0f0e7Gk8R21QUY0sL0vkaAoY4EALw_wcB&cid=CAASZeRoqjo5XigCYBdSPgqN0jv3KfSawNBpXFWuuRcYi6cuA5HUO0ygrwJL81YJtpsUQEEMjFfBAI1-94pICLHQLArkB45kiKz1riCE807laSD4SjJGV70t6-Jz1tdEPt0dL8wgl98b&cce=2&category=acrcp_v1_32&sig=AOD64_2IZSESlFq-iTBN4J5XIZ66WJNBBg&adurl&q&ctype=99&nis=5","","Website","","Directions","","","","","","","","",""
"https://www.google.com/maps/place/Uniting+AgeWell+Hawthorn+AgeWell+Centre/data=!4m7!3m6!1s0x6ad6424a3d1536bb:0xfe13a6e3eaa29a0!8m2!3d-37.819203!4d145.025759!16s%2Fg%2F1tfl0bmc!19sChIJuzYVPUpC1moRoCmqPm464Q8?authuser=0&hl=en&g_ep=EgoyMDI2MDkwMi4wIJJjKgBIAVAD&rclk=1","Uniting AgeWell Hawthorn AgeWell Centre","4.7","(3)","Aged care","·","93-95 Elgin Street","","https://www.google.com/aclk?sa=L&ai=DChsSEwjEifPNiuCWAxU7I0QIHUe7EHcYACICCAEQARoCZHo&co=1&ase=2&gclid=Cj0KCQjw5P7UBhDaARIsAOSlS1MQVhVEUxWjrcpKfnnvWM0oHln0DyIAbctBraB1u6c_m5-8aSyOWzcaAjw2EALw_wcB&cid=CAASZeRoqjo5XigCYBdSPgqN0jv3KfSawNBpXFWuuRcYi6cuA5HUO0ygrwJL81YJtpsUQEEMjFfBAI1-94pICLHQLArkB45kiKz1riCE807laSD4SjJGV70t6-Jz1tdEPt0dL8wgl98b&cce=2&category=acrcp_v1_32&sig=AOD64_3E-q7QJidxxWkFwg7HAY69TEUsrQ&adurl&q&ctype=99&nis=5","","Website","","Directions","(03) 7503 7200","","","","","","","",""
"https://www.google.com/maps/place/Napier+Street+Aged+Care+Services/data=!4m7!3m6!1s0x6ad668076587422f:0x4e18d33a2e51763f!8m2!3d-37.8371394!4d144.9618292!16s%2Fg%2F1td9w7wh!19sChIJL0KHZQdo1moRP3ZRLjrTGE4?authuser=0&hl=en&g_ep=EgoyMDI2MDkwMi4wIJJjKgBIAVAD&rclk=1","Napier Street Aged Care Services","4.6","(40)","Aged care","·","·","179 Napier St","https://www.nsacs.org.au/","","Website","","Directions","+61 3 9696 9229","","Open 24 hours","·","https://ssl.gstatic.com/local/servicebusiness/default_user.png","""Lovely quiet old building now an","aged care","facility.""",""
"https://www.google.com/maps/place/Berengarra+Residential+Aged+Care+Facility/data=!4m7!3m6!1s0x6ad64161154b70d3:0x7812abdad62ffe8e!8m2!3d-37.8081427!4d145.0527984!16s%2Fg%2F1pwftw17r!19sChIJ03BLFWFB1moRjv4v1tqrEng?authuser=0&hl=en&g_ep=EgoyMDI2MDkwMi4wIJJjKgBIAVAD&rclk=1","Berengarra Residential Aged Care Facility","4.9","(14)","Aged care","·","·","St Georges Hospital, 283 Cotham Rd","https://www.svhm.org.au/health-professionals/community-and-aged-care/aged-care-facilities/berengarra/berengarra","","Website","","Directions","+61 3 9231 8700","","Open 24 hours","·","https://ssl.gstatic.com/local/servicebusiness/default_user.png","""Great","care",", and extremely",""
"https://www.google.com/maps/place/Trinity+Manor+Balwyn+Aged+Care/data=!4m7!3m6!1s0x6ad64142018f9113:0x5cf030543b29f652!8m2!3d-37.8097081!4d145.0657701!16s%2Fg%2F1thp83mz!19sChIJE5GPAUJB1moRUvYpO1Qw8Fw?authuser=0&hl=en&g_ep=EgoyMDI2MDkwMi4wIJJjKgBIAVAD&rclk=1","Trinity Manor Balwyn Aged Care","4.6","(27)","Aged care","·","·","10/14 Pretoria St","http://www.trinitycare.com.au/","","Website","","Directions","+61 3 9091 5200","","Open 24 hours","·","https://ssl.gstatic.com/local/servicebusiness/default_user.png","""The food and","care","are very good.""",""
"https://www.google.com/maps/place/St+Vincent%27s+Aged+Care+Hawthorn/data=!4m7!3m6!1s0x6ad6418642caa3a3:0xb8e6274aa8659f72!8m2!3d-37.8315387!4d145.0534972!16s%2Fg%2F1tdgvjl6!19sChIJo6PKQoZB1moRcp9lqEon5rg?authuser=0&hl=en&g_ep=EgoyMDI2MDkwMi4wIJJjKgBIAVAD&rclk=1","St Vincent's Aged Care Hawthorn","4.4","(25)","Aged care","·","·","4 King St","https://www.svcs.org.au/residential-aged-care/vic/melbourne/hawthorn?utm_source=google&utm_medium=gmb&utm_campaign=hawthorn-gmb","","Website","","Directions","+61 3 9059 1844","","Opens soon","·","","Onsite services","","","· 9 AM"
"https://www.google.com/maps/place/Heritage+Northcote+Aged+Care+Facility/data=!4m7!3m6!1s0x6ad6437091baba01:0xa73632175dc8e9d8!8m2!3d-37.7786075!4d144.9976311!16s%2Fg%2F1tfzgxdw!19sChIJAbq6kXBD1moR2OnIXRcyNqc?authuser=0&hl=en&g_ep=EgoyMDI2MDkwMi4wIJJjKgBIAVAD&rclk=1","Heritage Northcote Aged Care Facility","4.2","(40)","Aged care","·","·","14-24 Pearl St","https://www.heritagecare.com.au/our-homes/aged-care-in-northcote/","","Website","","Directions","+61 3 8372 4888","","Open 24 hours","·","https://ssl.gstatic.com/local/servicebusiness/default_user.png","""Wonderful lady","caring","for residents... Sri... Very encouraging to see!""",""
"https://www.google.com/maps/place/Doutta+Galla+Lynch%27s+Bridge/data=!4m7!3m6!1s0x6ad65d0514c44863:0x66e59398f107aabe!8m2!3d-37.7898826!4d144.926736!16s%2Fg%2F1v16qfpx!19sChIJY0jEFAVd1moRvqoH8ZiT5WY?authuser=0&hl=en&g_ep=EgoyMDI2MDkwMi4wIJJjKgBIAVAD&rclk=1","Doutta Galla Lynch's Bridge","4.7","(18)","Aged care","·","·","44 Market St","https://www.dgas.org.au/aged-care/lynchs-bridge/","","Website","","Directions","+61 3 9376 2111","","Open 24 hours","·","","","","",""
"https://www.google.com/maps/place/VMCH+St+Catherine%27s+Aged+Care+Residence/data=!4m7!3m6!1s0x6ad640d5ce3a8d4f:0x29f262cb3f649b12!8m2!3d-37.8054428!4d145.0954571!16s%2Fg%2F1tc_r4mn!19sChIJT406ztVA1moREptkP8ti8ik?authuser=0&hl=en&g_ep=EgoyMDI2MDkwMi4wIJJjKgBIAVAD&rclk=1","VMCH St Catherine's Aged Care Residence","4.9","(28)","Aged care","·","·","1 Clayton Rd","https://vmch.com.au/services/residential-aged-care-melbourne-vic/balwyn-st-catherines/","","Website","","Directions","+61 3 9857 9488","","Open 24 hours","·","https://ssl.gstatic.com/local/servicebusiness/default_user.png","""A beautiful place that reflects the","care","people and their families receive.""",""
"https://www.google.com/maps/place/Royal+Freemasons+Coppin+Centre/data=!4m7!3m6!1s0x6ad6683d5037315f:0x3e7ae0b1da7d10ac!8m2!3d-37.8480318!4d144.9838632!16s%2Fg%2F1vg_c_q1!19sChIJXzE3UD1o1moRrBB92rHgej4?authuser=0&hl=en&g_ep=EgoyMDI2MDkwMi4wIJJjKgBIAVAD&rclk=1","Royal Freemasons Coppin Centre","4.1","(24)","Aged care","·","·","45 Moubray St","https://royalfreemasons.org.au/coppin-centre","","Website","","Directions","+61 1300 341 781","","Open 24 hours","·","https://ssl.gstatic.com/local/servicebusiness/default_user.png","""Amazing","age care","with friendly and",""
"https://www.google.com/maps/place/Royal+Freemasons+Coppin+Centre/data=!4m7!3m6!1s0x6ad6683d5037315f:0x3e7ae0b1da7d10ac!8m2!3d-37.8480318!4d144.9838632!16s%2Fg%2F1vg_c_q1!19sChIJXzE3UD1o1moRrBB92rHgej4?authuser=0&hl=en&g_ep=EgoyMDI2MDkwMi4wIJJjKgBIAVAD&rclk=1","Royal Freemasons Coppin Centre","4.1","(24)","Aged care","·","·","45 Moubray St","https://royalfreemasons.org.au/coppin-centre","","Website","","Directions","+61 1300 341 781","","Open 24 hours","·","https://ssl.gstatic.com/local/servicebusiness/default_user.png","""Amazing","age care","with friendly and",""
"https://www.google.com/maps/place/St+Vincent%27s+Aged+Care+Kew/data=!4m7!3m6!1s0x6ad6430485578df3:0xde92da78de96eabd!8m2!3d-37.8046046!4d145.0157524!16s%2Fg%2F11q1v_1bg_!19sChIJ841XhQRD1moRveqW3njakt4?authuser=0&hl=en&g_ep=EgoyMDI2MDkwMi4wIJJjKgBIAVAD&rclk=1","St Vincent's Aged Care Kew","4.6","(25)","Aged care","·","·","104 Studley Park Rd","https://www.svcs.org.au/residential-aged-care/vic/melbourne/kew?utm_source=google&utm_medium=gmb&utm_campaign=kew-gmb","","Website","","Directions","+61 3 9056 0500","","Opens soon","·","https://ssl.gstatic.com/local/servicebusiness/default_user.png","""Expensive t pleasant environment""","","","· 9 AM"
"https://www.google.com/maps/place/CaSPA+Care/data=!4m7!3m6!1s0x6ad667fd892ce4e9:0x87e6fa3f8c76c33b!8m2!3d-37.8370094!4d144.9606024!16s%2Fg%2F11b75hhgry!19sChIJ6eQsif1n1moRO8N2jD_65oc?authuser=0&hl=en&g_ep=EgoyMDI2MDkwMi4wIJJjKgBIAVAD&rclk=1","CaSPA Care","4.5","(58)","Aged care","·","·","203 Napier St","https://www.caspacare.org.au/","","Website","","Directions","+61 3 9633 9200","","","","https://ssl.gstatic.com/local/servicebusiness/default_user.png","""The staff are great, and really look after the patients well.""","","",""
"https://www.google.com/maps/place/mecwacare+Gregory+Lodge/data=!4m7!3m6!1s0x6ad65d04bb65410f:0xb5622869cd09236a!8m2!3d-37.787065!4d144.927156!16s%2Fg%2F11b6_fmr6x!19sChIJD0FluwRd1moRaiMJzWkoYrU?authuser=0&hl=en&g_ep=EgoyMDI2MDkwMi4wIJJjKgBIAVAD&rclk=1","mecwacare Gregory Lodge","4.8","(12)","Aged care","·","·","2/58 Newmarket St","https://www.mecwacare.org.au/services/aged-care-homes/gregorylodge-flemington/","","Website","","Directions","+61 3 9371 3700","","Open 24 hours","·","","","","",""
"https://www.google.com/maps/place/Lynden+Aged+Care/data=!4m7!3m6!1s0x6ad641ae990b235d:0x53fe84656e992a3f!8m2!3d-37.8416452!4d145.0862223!16s%2Fg%2F1tftx2gc!19sChIJXSMLma5B1moRPyqZbmWE_lM?authuser=0&hl=en&g_ep=EgoyMDI2MDkwMi4wIJJjKgBIAVAD&rclk=1","Lynden Aged Care","4.5","(33)","Aged care","·","·","49 Lynden St","http://www.lyndenagedcare.org.au/","","Website","","Directions","+61 3 9809 7000","","","","","","","",""
"https://www.google.com/maps/place/Mercy+Place+East+Melbourne/data=!4m7!3m6!1s0x6ad642e8370d71a3:0xf13e6e70265bb331!8m2!3d-37.8126772!4d144.9841222!16s%2Fg%2F1pwfwd83h!19sChIJo3ENN-hC1moRMbNbJnBuPvE?authuser=0&hl=en&g_ep=EgoyMDI2MDkwMi4wIJJjKgBIAVAD&rclk=1","Mercy Place East Melbourne","3.6","(22)","Aged care","·","·","22 Verona Ln","https://residential-care.mercyhealth.com.au/homes/mercy-place-east-melbourne/?utm_source=google&utm_medium=organic&utm_campaign=Google+My+Business&utm_content=Mercy+Place+East+Melbourne&utm_term=plcid_720386199387417576","","Website","","Directions","+61 3 9413 1777","","Opens soon","·","","","","","· 9 AM"
"https://www.google.com/maps/place/Australian+Unity+The+Alba+Aged+Care+Suites/data=!4m7!3m6!1s0x6ad6680301f3e5d9:0x18d164979963b069!8m2!3d-37.8357703!4d144.9700217!16s%2Fg%2F11srcygp_1!19sChIJ2eXzAQNo1moRabBjmZdk0Rg?authuser=0&hl=en&g_ep=EgoyMDI2MDkwMi4wIJJjKgBIAVAD&rclk=1","Australian Unity The Alba Aged Care Suites","4.6","(10)","Aged care","·","·","114 Albert Rd","https://www.australianunity.com.au/assisted-living/aged-care/our-residences/victoria/the-alba?utm_source=google&utm_medium=organic&utm_campaign=gbp-listing&utm_content=thealba","","Website","","Directions","+61 1300 794 970","","Open 24 hours","·","https://ssl.gstatic.com/local/servicebusiness/default_user.png","""Amazing building and first class","aged care","facility.""",""
"https://www.google.com/maps/place/Bupa+Windsor+Residential+Aged+Care/data=!4m7!3m6!1s0x6ad668395cc63ee3:0x3e42af8bbdedcaa1!8m2!3d-37.8542447!4d144.9886454!16s%2Fg%2F1tf28t_b!19sChIJ4z7GXDlo1moRocrtvYuvQj4?authuser=0&hl=en&g_ep=EgoyMDI2MDkwMi4wIJJjKgBIAVAD&rclk=1","Bupa Windsor Residential Aged Care","4.8","(31)","Aged care","·","·","102/104A Union St","https://www.bupaagedcare.com.au/aged-care-homes/bupa-windsor?s_cid=aff:AC:gmb:googlebusiness:bupa-windsor","","Website","","Directions","+61 3 9993 7142","","Open 24 hours","·","https://ssl.gstatic.com/local/servicebusiness/default_user.png","""More like a home than any other","aged care","place I’ve been.""",""
"https://www.google.com/maps/place/St+Catherine%27s+Aged+Care+Facility/data=!4m7!3m6!1s0x6ad640d5dcafbd0f:0x67d3bb7f7cf8848d!8m2!3d-37.8054505!4d145.095848!16s%2Fg%2F1vsprmyz!19sChIJD72v3NVA1moRjYT4fH-702c?authuser=0&hl=en&g_ep=EgoyMDI2MDkwMi4wIJJjKgBIAVAD&rclk=1","St Catherine's Aged Care Facility","4.0","(10)","Aged care","·","·","1 Clayton Rd","","","Directions","","","+61 3 9857 9488","","Open 24 hours","·","","","","",""
"https://www.google.com/maps/place/Chomley+House+Aged+Care+Facility/data=!4m7!3m6!1s0x6ad669d2a843d623:0xe83397c48db96d24!8m2!3d-37.8548908!4d145.0058487!16s%2Fg%2F1tf8t79v!19sChIJI9ZDqNJp1moRJG25jcSXM-g?authuser=0&hl=en&g_ep=EgoyMDI2MDkwMi4wIJJjKgBIAVAD&rclk=1","Chomley House Aged Care Facility","4.6","(9)","Nursing home","·","·","113 Chomley St","https://www.heritagecare.com.au/our-homes/chomley-house/","","Website","","Directions","+61 3 9529 8107","","Open 24 hours","·","","","","",""
"https://www.google.com/maps/place/Benetas+Broughton+Hall+Aged+Care+Home/data=!4m7!3m6!1s0x6ad641777e79b24f:0x2d65fc8fde634d7e!8m2!3d-37.824297!4d145.0605!16s%2Fg%2F1wj_tdmv!19sChIJT7J5fndB1moRfk1j3o_8ZS0?authuser=0&hl=en&g_ep=EgoyMDI2MDkwMi4wIJJjKgBIAVAD&rclk=1","Benetas Broughton Hall Aged Care Home","4.4","(16)","Aged care","·","·","2 Berwick St","https://www.benetas.com.au/residential-aged-care/locations/broughton-hall","","Website","","Directions","+61 1300 236 382","","Open","·","","","","","· Closes 5 PM"
"https://www.google.com/maps/place/Royal+Freemasons+Elizabeth+Gardens/data=!4m7!3m6!1s0x6ad6404aa3b2e109:0x9fb98c62f8357797!8m2!3d-37.8572006!4d145.0951843!16s%2Fg%2F1tk1n3q4!19sChIJCeGyo0pA1moRl3c1-GKMuZ8?authuser=0&hl=en&g_ep=EgoyMDI2MDkwMi4wIJJjKgBIAVAD&rclk=1","Royal Freemasons Elizabeth Gardens","4.2","(22)","Aged care","·","·","2-8 Elizabeth St","https://www.royalfreemasons.org.au/aged-care/elizabeth-gardens/","","Website","","Directions","+61 1300 496 121","","Open 24 hours","·","https://ssl.gstatic.com/local/servicebusiness/default_user.png","""","Aged care","center""",""
"https://www.google.com/maps/place/Help@Hand+Aged+Care+Placements/data=!4m7!3m6!1s0x6ad66e56f1ee64bb:0x6d1facd65d13ca9c!8m2!3d-37.8449079!4d145.0383139!16s%2Fg%2F1ygbb6smv!19sChIJu2Tu8VZu1moRnMoTXdasH20?authuser=0&hl=en&g_ep=EgoyMDI2MDkwMi4wIJJjKgBIAVAD&rclk=1","Help@Hand Aged Care Placements","4.9","(79)","Aged care","·","·","8/1 Milton Parade","http://www.helphand.com.au/?utm_source=gmb&utm_medium=organic&utm_campaign=gmb","","Website","","Directions","+61 3 9598 7717","","Open","·","https://ssl.gstatic.com/local/servicebusiness/default_user.png","""Totally recommend Help@Hand","aged care","Placements.""","· Closes 8:30 PM"
"https://www.google.com/maps/place/Airlie+Ivanhoe/data=!4m7!3m6!1s0x6ad6441a9c32395b:0xd719faef9bf64777!8m2!3d-37.771466!4d145.040063!16s%2Fg%2F11hhttmbrg!19sChIJWzkynBpE1moRd0f2m-_6Gdc?authuser=0&hl=en&g_ep=EgoyMDI2MDkwMi4wIJJjKgBIAVAD&rclk=1","Airlie Ivanhoe","5.0","(1)","Retirement community","·","1 Waverley Avenue","Open 24 hours","https://www.google.com/aclk?sa=L&ai=DChsSEwj_trLUiuCWAxVykO4BHYzKAvcYACICCAEQCxoCZHo&co=1&ase=2&gclid=Cj0KCQjw5P7UBhDaARIsAOSlS1OwNkflEzGDcLpAjFvrjSZErmHSasHOSGrFEnHd7-FcTknKwH01UsEaArh1EALw_wcB&cid=CAASZeRorLKitao6olfdWk3cSsUrsN3vswySHCumR7-0tSwI-OoEbi2pvBZLikcj9Q8d26qTYcHHtE1bGAniO7PV1Mpv5Wv1ajNf7xg2lptrK5TLFEZr64uxCnC9w3Q7wdtUtVkPpn0A&cce=2&category=acrcp_v1_32&sig=AOD64_0vYvMxBsCdcrk9U634E5Vp-Uy_RQ&adurl&q&ctype=99&nis=5","","Website","","Directions","","","","","","","","",""
"https://www.google.com/maps/place/Uniting+AgeWell+Hawthorn+AgeWell+Centre/data=!4m7!3m6!1s0x6ad6424a3d1536bb:0xfe13a6e3eaa29a0!8m2!3d-37.819203!4d145.025759!16s%2Fg%2F1tfl0bmc!19sChIJuzYVPUpC1moRoCmqPm464Q8?authuser=0&hl=en&g_ep=EgoyMDI2MDkwMi4wIJJjKgBIAVAD&rclk=1","Uniting AgeWell Hawthorn AgeWell Centre","4.7","(3)","Aged care","·","93-95 Elgin Street","","https://www.google.com/aclk?sa=L&ai=DChsSEwj_trLUiuCWAxVykO4BHYzKAvcYACICCAEQARoCZHo&co=1&ase=2&gclid=Cj0KCQjw5P7UBhDaARIsAOSlS1MXTUqvImtWuI6GrYyg4UpLJ0sRZvoDpaYRqdiMxGTvtHEMrjD8LOEaAuvkEALw_wcB&cid=CAASZeRorLKitao6olfdWk3cSsUrsN3vswySHCumR7-0tSwI-OoEbi2pvBZLikcj9Q8d26qTYcHHtE1bGAniO7PV1Mpv5Wv1ajNf7xg2lptrK5TLFEZr64uxCnC9w3Q7wdtUtVkPpn0A&cce=2&category=acrcp_v1_32&sig=AOD64_28vEVbYPCR3V8McU_9PoLQ6ScldA&adurl&q&ctype=99&nis=5","","Website","","Directions","(03) 7503 7200","","","","","","","",""
"https://www.google.com/maps/place/Grand+Cedar/data=!4m7!3m6!1s0x6ad640324278e925:0xc17ecb12a5228d03!8m2!3d-37.8656735!4d145.0970452!16s%2Fg%2F1tdrfhjw!19sChIJJel4QjJA1moRA40ipRLLfsE?authuser=0&hl=en&g_ep=EgoyMDI2MDkwMi4wIJJjKgBIAVAD&rclk=1","Grand Cedar","4.4","(33)","Aged care","·","·","61-63 High St Rd","https://www.maacg.com.au/locations/grand-cedar","","Website","","Directions","+61 3 9811 5600","","Open 24 hours","·","https://ssl.gstatic.com/local/servicebusiness/default_user.png","""So many activities to join in for him that really help fill out his days.""","","",""
"https://www.google.com/maps/place/Rathdowne+Place+Aged+Care+in+Carlton,+VIC+%7C+Australian+Unity/data=!4m7!3m6!1s0x6ad643288cb5c185:0xa502b7ae482e4b45!8m2!3d-37.7935898!4d144.9709255!16s%2Fg%2F11c3wwfkzv!19sChIJhcG1jChD1moRRUsuSK63AqU?authuser=0&hl=en&g_ep=EgoyMDI2MDkwMi4wIJJjKgBIAVAD&rclk=1","Rathdowne Place Aged Care in Carlton, VIC | Australian Unity","4.0","(16)","Aged care","·","·","497 Rathdowne St","https://www.australianunity.com.au/assisted-living/aged-care/our-residences/victoria/rathdowne-place?utm_source=google&utm_medium=organic&utm_campaign=gbp-listing&utm_content=rathdowne-place","","Website","","Directions","+61 3 9240 7000","","Opens soon","·","","","","","· 9 AM"
"https://www.google.com/maps/place/mecwacare+Malvern+Centre+Aged+Care+Home/data=!4m7!3m6!1s0x6ad6420916912533:0x93fc0540ab1a3983!8m2!3d-37.8517932!4d145.0347624!16s%2Fg%2F1pwfwpmj7!19sChIJMyWRFglC1moRgzkaq0AF_JM?authuser=0&hl=en&g_ep=EgoyMDI2MDkwMi4wIJJjKgBIAVAD&rclk=1","mecwacare Malvern Centre Aged Care Home","3.8","(48)","Aged care","·","·","1245 Malvern Rd","https://www.mecwacare.org.au/services/aged-care-homes/malvern-mecwacare-malvern-centre/","","Website","","Directions","+61 3 9248 6100","","Open 24 hours","·","https://ssl.gstatic.com/local/servicebusiness/default_user.png","""Always doing their best to","care","for their",""
"https://www.google.com/maps/place/Uniting+AgeWell+Hawthorn+Community/data=!4m7!3m6!1s0x6ad64237b360f12f:0xdc0a3736fde37f26!8m2!3d-37.8241722!4d145.0283974!16s%2Fg%2F1v9lbxvc!19sChIJL_FgszdC1moRJn_j_TY3Ctw?authuser=0&hl=en&g_ep=EgoyMDI2MDkwMi4wIJJjKgBIAVAD&rclk=1","Uniting AgeWell Hawthorn Community","4.4","(33)","Aged care","·","·","27-29 Wattle Rd","https://www.unitingagewell.org/location/hawthorn-community/","","Website","","Directions","+61 3 8840 2700","","","","https://ssl.gstatic.com/local/servicebusiness/default_user.png","""A beautifully set up nursing home, the staff are pleasant and","caring",".""",""
"https://www.google.com/maps/place/Tailored+Aged+Care+Solutions/data=!4m7!3m6!1s0x8ce80964ee1520a1:0x619d8387e3c4b743!8m2!3d-37.8412917!4d144.9767835!16s%2Fg%2F11lcrf172n!19sChIJoSAV7mQJ6IwRQ7fE44eDnWE?authuser=0&hl=en&g_ep=EgoyMDI2MDkwMi4wIJJjKgBIAVAD&rclk=1","Tailored Aged Care Solutions","5.0","(49)","Aged care","·","·","Ground Floor/470 St Kilda Rd","http://tailoredagedcaresolutions.com.au/","","Website","","Directions","+61 1300 623 603","","Open","·","https://ssl.gstatic.com/local/servicebusiness/default_user.png","""The service that Tailored","Aged Care","Solutions was first class.""","· Closes 5 PM"
"https://www.google.com/maps/place/Hawthorn+Grange/data=!4m7!3m6!1s0x6ad6422f3f5f4f2b:0xa0642e87ffef4e58!8m2!3d-37.8290988!4d145.0423045!16s%2Fg%2F1trvlkwf!19sChIJK09fPy9C1moRWE7v_4cuZKA?authuser=0&hl=en&g_ep=EgoyMDI2MDkwMi4wIJJjKgBIAVAD&rclk=1","Hawthorn Grange","3.9","(17)","Aged care","·","·","7 Hunter St","http://hawthorngrange.com.au/","","Website","","Directions","+61 3 9819 5423","","Open 24 hours","·","https://ssl.gstatic.com/local/servicebusiness/default_user.png","""They are in another league from Kew gardens","aged care",".""",""
"https://www.google.com/maps/place/Nazareth+Care+-+Nazareth+House+Camberwell/data=!4m7!3m6!1s0x6ad641abe0c45081:0x754bf83410797882!8m2!3d-37.8397578!4d145.0885964!16s%2Fg%2F11x9fqm1d!19sChIJgVDE4KtB1moRgnh5EDT4S3U?authuser=0&hl=en&g_ep=EgoyMDI2MDkwMi4wIJJjKgBIAVAD&rclk=1","Nazareth Care - Nazareth House Camberwell","4.3","(52)","Aged care","·","·","16 Cornell St","https://nazarethcare.com.au/locations/camberwell/","","Website","","Directions","+61 3 9830 5022","","","","https://ssl.gstatic.com/local/servicebusiness/default_user.png","""Excellent nursing home with lovely staff.""","","",""
"https://www.google.com/maps/place/Queens+Park+Aged+Care+Facility/data=!4m7!3m6!1s0x6ad65c8b4e62d3ad:0x4e18771c46cdcda4!8m2!3d-37.760164!4d144.9247791!16s%2Fg%2F11vj2xvb6!19sChIJrdNiTotc1moRpM3NRhx3GE4?authuser=0&hl=en&g_ep=EgoyMDI2MDkwMi4wIJJjKgBIAVAD&rclk=1","Queens Park Aged Care Facility","4.4","(19)","Aged care","·","·","13 The Strand","https://www.dgas.org.au/aged-care/queens-park/","","Website","","Directions","+61 3 9372 8888","","Open 24 hours","·","https://ssl.gstatic.com/local/servicebusiness/default_user.png","""From my experience so far they appear to be a great","aged care","facility.""",""
"https://www.google.com/maps/place/Emmy+Monash+Aged+Care/data=!4m7!3m6!1s0x6ad669c20fa82fdd:0x350f7b9b82c48a69!8m2!3d-37.8670239!4d145.0261144!16s%2Fg%2F1th7n0wh!19sChIJ3S-oD8Jp1moRaYrEgpt7DzU?authuser=0&hl=en&g_ep=EgoyMDI2MDkwMi4wIJJjKgBIAVAD&rclk=1","Emmy Monash Aged Care","4.4","(69)","Aged care","·","·","7 Hawthorn Rd","http://emmymonash.asn.au/","","Website","","Directions","+61 3 8508 9300","","Opens soon","·","","Onsite services","","","· 9 AM"
"https://www.google.com/maps/place/Aged+Care+and+Elder+Advice/data=!4m7!3m6!1s0x6ad643d6f3b6e1d9:0xd1a8254ba0d24739!8m2!3d-37.8247324!4d145.0274196!16s%2Fg%2F11qhf2dwbz!19sChIJ2eG289ZD1moROUfSoEslqNE?authuser=0&hl=en&g_ep=EgoyMDI2MDkwMi4wIJJjKgBIAVAD&rclk=1","Aged Care and Elder Advice","5.0","(8)","Aged care","·","·","18 Wattle Rd","https://elderadvice.com.au/","","Website","","Directions","+61 1800 500 780","","Open","·","https://ssl.gstatic.com/local/servicebusiness/default_user.png","""We would have struggled without her knowledge and advice.""","","","· Closes 5:30 PM"
"https://www.google.com/maps/place/Hope+Aged+Care+Brunswick/data=!4m7!3m6!1s0x6ad65cad67244dc1:0x136c8d2b091ae7da!8m2!3d-37.7655754!4d144.9596237!16s%2Fg%2F1xfsnwy4!19sChIJwU0kZ61c1moR2ucaCSuNbBM?authuser=0&hl=en&g_ep=EgoyMDI2MDkwMi4wIJJjKgBIAVAD&rclk=1","Hope Aged Care Brunswick","4.0","(24)","Aged care","·","·","34 Lux Way","https://www.hopeagedcare.com.au/","","Website","","Directions","+61 3 9302 9300","","Opens soon","·","https://ssl.gstatic.com/local/servicebusiness/default_user.png","""Amazing","care","to everyone  and especially  the chefs they are awesome""","· 9 AM"
"https://www.google.com/maps/place/Brotherhood+of+St.+Laurence+Aged+Care/data=!4m7!3m6!1s0x6ad64310efb06d25:0x5e030209d085f544!8m2!3d-37.792267!4d144.990664!16s%2Fg%2F11b636s3jj!19sChIJJW2w7xBD1moRRPWF0AkCA14?authuser=0&hl=en&g_ep=EgoyMDI2MDkwMi4wIJJjKgBIAVAD&rclk=1","Brotherhood of St. Laurence Aged Care","4.3","(35)","Aged care","·","·","160 Gold St","https://agedcare.bsl.org.au/","","Website","","Directions","+61 3 9489 3000","","Opens soon","·","https://ssl.gstatic.com/local/servicebusiness/default_user.png","""Great","care","and facilities for my parents.""","· 9 AM"
"https://www.google.com/maps/place/Bolton+Clarke+Camberwell+Green,+Camberwell+-+Residential+Aged+Care/data=!4m7!3m6!1s0x6ad641a8988dbce1:0x2c9f622bd837ac39!8m2!3d-37.8380046!4d145.0828067!16s%2Fg%2F1tqty05q!19sChIJ4byNmKhB1moROaw32Ctinyw?authuser=0&hl=en&g_ep=EgoyMDI2MDkwMi4wIJJjKgBIAVAD&rclk=1","Bolton Clarke Camberwell Green, Camberwell - Residential Aged Care","4.3","(19)","Aged care","·","·","12/14 Hunter Rd","https://www.boltonclarke.com.au/living-options/residential-aged-care/camberwell-green/?utm_source=google&utm_medium=organic&utm_campaign=gmb","","Website","","Directions","+61 3 9888 6133","","Opens soon","·","https://ssl.gstatic.com/local/servicebusiness/default_user.png","""It’s a nice place with very good staff helping the","elderly",".""","· 9 AM"
"https://www.google.com/maps/place/Arcare+Aged+Care+Surrey+Hills/data=!4m7!3m6!1s0x6ad640e5b453d209:0x785f993de697eb3b!8m2!3d-37.8282781!4d145.1022703!16s%2Fg%2F11cnpgx_h6!19sChIJCdJTtOVA1moRO-uX5j2ZX3g?authuser=0&hl=en&g_ep=EgoyMDI2MDkwMi4wIJJjKgBIAVAD&rclk=1","Arcare Aged Care Surrey Hills","4.0","(20)","Aged care","·","·","18 Florence Rd","https://arcare.com.au/residence-location/surrey-hills/?utm_content=Arcare+Aged+Care+Surrey+Hills&utm_campaign=Google+My+Business&utm_medium=organic&utm_source=google&utm_term=plcid_3594336546599057560","","Website","","Directions","+61 3 9132 0400","","Opens soon","·","https://ssl.gstatic.com/local/servicebusiness/default_user.png","""Exclussive","Aged Care","Living!!!""","· 9 AM"
"https://www.google.com/maps/place/BaptistCare+Hedley+Sutton+Aged+Care+Community/data=!4m7!3m6!1s0x6ad64170e79917b7:0x50f04818a94282af!8m2!3d-37.821524!4d145.0624076!16s%2Fg%2F1th573gn!19sChIJtxeZ53BB1moRr4JCqRhI8FA?authuser=0&hl=en&g_ep=EgoyMDI2MDkwMi4wIJJjKgBIAVAD&rclk=1","BaptistCare Hedley Sutton Aged Care Community","4.3","(6)","Aged care","·","·","19 Canterbury Rd","https://www.baptcare.org.au/residential-aged-care/camberwell-hedley-sutton/","","Website","","Directions","+61 3 9834 4000","","Open 24 hours","·","","Onsite services","","",""
"https://www.google.com/maps/place/Carevisory/data=!4m7!3m6!1s0x6ad629ccfa359161:0x9399dac8ecad8ae3!8m2!3d-37.8366566!4d144.993036!16s%2Fg%2F11j8sjkvfb!19sChIJYZE1-swp1moR44qt7MjamZM?authuser=0&hl=en&g_ep=EgoyMDI2MDkwMi4wIJJjKgBIAVAD&rclk=1","Carevisory","5.0","(40)","Aged care","·","·","Unit 190, 102/14-16 Yarra St","https://carevisory.com.au/","","Website","","Directions","+61 1300 023 589","","Opens soon","·","https://ssl.gstatic.com/local/servicebusiness/default_user.png","""I simply couldn’t have found my husband an","aged care","placement without them.""","· 9 AM"
"https://www.google.com/maps/place/mecwacare+Trescowthick+Centre/data=!4m7!3m6!1s0x6ad6682497a52b63:0x820feb8f3401278!8m2!3d-37.8484869!4d144.9894479!16s%2Fg%2F1vhq3vqw!19sChIJYyullyRo1moReBJA87j-IAg?authuser=0&hl=en&g_ep=EgoyMDI2MDkwMi4wIJJjKgBIAVAD&rclk=1","mecwacare Trescowthick Centre","3.9","(28)","Aged care","·","·","70 Charles St","http://www.mecwacare.org.au/services/2/11/mecwacare-trescowthick-centre.html","","Website","","Directions","+61 3 9510 6100","","Open 24 hours","·","https://ssl.gstatic.com/local/servicebusiness/default_user.png","""My family member is treated with the upmost","care","and respect.""",""
"https://www.google.com/maps/place/Regis+Armadale/data=!4m7!3m6!1s0x6ad669c271776f73:0xf398332d72a3a9c5!8m2!3d-37.865347!4d145.026633!16s%2Fg%2F11b76dyp0j!19sChIJc293ccJp1moRxamjci0zmPM?authuser=0&hl=en&g_ep=EgoyMDI2MDkwMi4wIJJjKgBIAVAD&rclk=1","Regis Armadale","3.6","(10)","Aged care","·","·","607-613 Dandenong Rd","https://www.regis.com.au/residence/regis-armadale/?utm_term=plcid_6767965240174830458&utm_source=google&utm_medium=organic&utm_campaign=Google%20My%20Business&utm_content=Regis%20Armadale%20-%20Armadale","","Website","","Directions","+61 1300 998 100","","Open","·","https://ssl.gstatic.com/local/servicebusiness/default_user.png","""The entire group has lovingly cared for my in-laws for the last three years.""","","","· Closes 5 PM"
"https://www.google.com/maps/place/TLC+Clifton+Views+Residential+Aged+Care/data=!4m7!3m6!1s0x6ad64320c706482b:0x4dc78c6692519272!8m2!3d-37.7865751!4d144.9943265!16s%2Fg%2F11g10h5zg7!19sChIJK0gGxyBD1moRcpJRkmaMx00?authuser=0&hl=en&g_ep=EgoyMDI2MDkwMi4wIJJjKgBIAVAD&rclk=1","TLC Clifton Views Residential Aged Care","3.6","(56)","Aged care","·","·","217-241 Queens Parade","https://www.tlchealthcare.com.au/location/fitzroy-north/aged-care/?utm_source=google&utm_medium=organic&utm_campaign=GBP","","Website","","Directions","+61 3 8638 9100","","Opens soon","·","https://ssl.gstatic.com/local/servicebusiness/default_user.png","""This is not what I expected in an","Aged care","home - they are wonderful :)""","· 9 AM"
"https://www.google.com/maps/place/Menarock+LIFE+Camberwell+Gardens+Aged+Care/data=!4m7!3m6!1s0x6ad641aa2ca03c6f:0x22b0038b4565df38!8m2!3d-37.8385076!4d145.088337!16s%2Fg%2F1tf0qrqf!19sChIJbzygLKpB1moRON9lRYsDsCI?authuser=0&hl=en&g_ep=EgoyMDI2MDkwMi4wIJJjKgBIAVAD&rclk=1","Menarock LIFE Camberwell Gardens Aged Care","4.3","(12)","Assisted living facility","·","·","15 Cornell St","https://menarocklifeagedcare.com.au/camberwell-aged-care/","","Website","","Directions","+61 3 9836 9507","","Open 24 hours","·","","","","",""
"https://www.google.com/maps/place/CaSPA+Care/data=!4m7!3m6!1s0x6ad667fd892ce4e9:0x87e6fa3f8c76c33b!8m2!3d-37.8370094!4d144.9606024!16s%2Fg%2F11b75hhgry!19sChIJ6eQsif1n1moRO8N2jD_65oc?authuser=0&hl=en&g_ep=EgoyMDI2MDkwMi4wIJJjKgBIAVAD&rclk=1","CaSPA Care","4.5","(58)","Aged care","·","·","203 Napier St","https://www.caspacare.org.au/","","Website","","Directions","+61 3 9633 9200","","","","https://ssl.gstatic.com/local/servicebusiness/default_user.png","""The staff are great, and really look after the patients well.""","","",""
"https://www.google.com/maps/place/mecwacare+Rositano+House/data=!4m7!3m6!1s0x6ad642f3fd8307af:0xbb8487848ba95239!8m2!3d-37.8202259!4d144.9992661!16s%2Fg%2F1tdft8h3!19sChIJrweD_fNC1moROVKpi4SHhLs?authuser=0&hl=en&g_ep=EgoyMDI2MDkwMi4wIJJjKgBIAVAD&rclk=1","mecwacare Rositano House","4.4","(10)","Aged care","·","·","273 Church St","https://www.mecwacare.org.au/services/aged-care-homes/richmond/","","Website","","Directions","+61 3 9427 1404","","Opens soon","·","https://ssl.gstatic.com/local/servicebusiness/default_user.png","""There are not many like RH, your loved ones will be well taken","care","of.""","· 9 AM"
"https://www.google.com/maps/place/Just+Better+Care+Melbourne+Inner+East/data=!4m7!3m6!1s0x6ad65de57a245ed7:0x29f0773c277b7557!8m2!3d-37.8456538!4d145.0388378!16s%2Fg%2F11f7r6z8bf!19sChIJ114keuVd1moRV3V7Jzx38Ck?authuser=0&hl=en&g_ep=EgoyMDI2MDkwMi4wIJJjKgBIAVAD&rclk=1","Just Better Care Melbourne Inner East","5.0","(10)","Home health care service","·","·","Suite 123, 19/25 Milton Parade","https://www.justbettercare.com/melbourne-inner-east?utm_term=plcid_614853395531252707","","Website","","Directions","+61 3 9070 3436","","Open","·","https://ssl.gstatic.com/local/servicebusiness/default_user.png","""Would recommend them to any prospective client""","","","· Closes 5 PM"
"https://www.google.com/maps/place/Mercy+Place+Parkville/data=!4m7!3m6!1s0x6ad65ce81d72e31b:0xd428507c02faeea8!8m2!3d-37.7760322!4d144.9392751!16s%2Fg%2F1tmz71y8!19sChIJG-NyHehc1moRqO76AnxQKNQ?authuser=0&hl=en&g_ep=EgoyMDI2MDkwMi4wIJJjKgBIAVAD&rclk=1","Mercy Place Parkville","3.7","(14)","Aged care","·","·","1 Willam St","https://residential-care.mercyhealth.com.au/homes/mercy-place-parkville/?utm_source=google&utm_medium=organic&utm_campaign=Google+My+Business&utm_content=Mercy+Place+Parkville&utm_term=plcid_12852709199387073752","","Website","","Directions","+61 3 9385 9222","","Opens soon","·","https://ssl.gstatic.com/local/servicebusiness/default_user.png","""Highly recommended.""","","","· 9 AM"
"https://www.google.com/maps/place/BaptistCare+Karana+Aged+Care+Community/data=!4m7!3m6!1s0x6ad643c15d5eced7:0x945d5dba3b903b2d!8m2!3d-37.8015632!4d145.0317077!16s%2Fg%2F1hhw0__l8!19sChIJ185eXcFD1moRLTuQO7pdXZQ?authuser=0&hl=en&g_ep=EgoyMDI2MDkwMi4wIJJjKgBIAVAD&rclk=1","BaptistCare Karana Aged Care Community","4.4","(8)","Aged care","·","·","55 Walpole St","https://www.baptcare.org.au/residential-aged-care/kew-karana/","","Website","","Directions","+61 3 9854 9200","","Open 24 hours","·","","Onsite services","","",""
"https://www.google.com/maps/place/Fronditha+Care+Thornbury/data=!4m7!3m6!1s0x6ad6446e62ed4f7d:0xd53f3695a77b2be2!8m2!3d-37.7644705!4d145.0208725!16s%2Fg%2F1pwfvjpv2!19sChIJfU_tYm5E1moR4it7p5U2P9U?authuser=0&hl=en&g_ep=EgoyMDI2MDkwMi4wIJJjKgBIAVAD&rclk=1","Fronditha Care Thornbury","4.0","(32)","Aged care","·","·","335 Station St","http://frondithacare.org.au/","","Website","","Directions","+61 3 9495 2300","","Open 24 hours","·","","","","",""
"https://www.google.com/maps/place/mecwacare+Noel+Miller+Centre/data=!4m7!3m6!1s0x6ad6420196d73acd:0x7038c18c269c908d!8m2!3d-37.856117!4d145.047461!16s%2Fg%2F12q4t72sk!19sChIJzTrXlgFC1moRjZCcJozBOHA?authuser=0&hl=en&g_ep=EgoyMDI2MDkwMi4wIJJjKgBIAVAD&rclk=1","mecwacare Noel Miller Centre","4.4","(35)","Aged care","·","·","9-15 Kent St","https://www.mecwacare.org.au/services/aged-care-homes/noel-miller/","","Website","","Directions","+61 3 9835 2333","","Opens soon","·","https://ssl.gstatic.com/local/servicebusiness/default_user.png","""The","care","staff are all wonderful and took great","· 9 AM"
"https://www.google.com/maps/place/Bolton+Clarke+Highwood+Court,+Burwood+-+Residential+Aged+Care/data=!4m7!3m6!1s0x6ad6404b7c73e76b:0xf12af24d003032c3!8m2!3d-37.8531727!4d145.0957358!16s%2Fg%2F1tmz71v4!19sChIJa-dzfEtA1moRwzIwAE3yKvE?authuser=0&hl=en&g_ep=EgoyMDI2MDkwMi4wIJJjKgBIAVAD&rclk=1","Bolton Clarke Highwood Court, Burwood - Residential Aged Care","4.1","(7)","Aged care","·","·","359 Warrigal Rd","https://www.boltonclarke.com.au/living-options/residential-aged-care/highwood-court/?utm_source=google&utm_medium=organic&utm_campaign=gmb","","Website","","Directions","+61 3 8831 0500","","Opens soon","·","","","","","· 9 AM"
"https://www.google.com/maps/place/Wintringham+Hostel+%E2%80%93+McLean+Lodge+-+Home/data=!4m7!3m6!1s0x6ad65ce1ba05b3b3:0x913119b70c86adb6!8m2!3d-37.7831961!4d144.936306!16s%2Fg%2F1th6d_1b!19sChIJs7MFuuFc1moRtq2GDLcZMZE?authuser=0&hl=en&g_ep=EgoyMDI2MDkwMi4wIJJjKgBIAVAD&rclk=1","Wintringham Hostel – McLean Lodge - Home","4.5","(10)","Aged care","·","·","1 Little Princes St","http://www.wintringham.org.au/","","Website","","Directions","+61 3 9376 1599","","Open 24 hours","·","","","","",""
"https://www.google.com/maps/place/Clarity+Aged+Care+Advisors/data=!4m7!3m6!1s0x6ad6432bd8dab743:0x928404acfbc5cdc1!8m2!3d-37.8350387!4d144.9743061!16s%2Fg%2F11lcp_86hw!19sChIJQ7fa2CtD1moRwc3F-6wEhJI?authuser=0&hl=en&g_ep=EgoyMDI2MDkwMi4wIJJjKgBIAVAD&rclk=1","Clarity Aged Care Advisors","5.0","(87)","Aged care","·","·","Level 12/412 St Kilda Rd","http://www.clarityagedcare.com.au/","","Website","","Directions","+61 3 9601 6800","","Opens soon","·","https://ssl.gstatic.com/local/servicebusiness/default_user.png","""Unbelievable service, you are in safe hands with Clarity","Aged Care","Advisors""","· 9 AM"
"https://www.google.com/maps/place/Regis+Shenley+Manor/data=!4m7!3m6!1s0x6ad6419091a5cc11:0x9a8e8d2a92ead0c!8m2!3d-37.8382287!4d145.0637846!16s%2Fg%2F1tdsjy4j!19sChIJEcylkZBB1moRDK0uqdLoqAk?authuser=0&hl=en&g_ep=EgoyMDI2MDkwMi4wIJJjKgBIAVAD&rclk=1","Regis Shenley Manor","3.5","(8)","Aged care","·","·","440 Camberwell Rd","https://www.regis.com.au/residence/regis-shenley-manor/?utm_term=plcid_7923307532512845592&utm_source=google&utm_medium=organic&utm_campaign=Google%20My%20Business&utm_content=Regis%20Shenley%20Manor%20-%20Camberwell","","Website","","Directions","+61 1300 998 100","","Open","·","","Onsite services","","","· Closes 5 PM"
"https://www.google.com/maps/place/Auburn+House/data=!4m7!3m6!1s0x6ad641811fc9a531:0x50c4c61593a79488!8m2!3d-37.8275685!4d145.0515093!16s%2Fg%2F1tdkgsq5!19sChIJMaXJH4FB1moRiJSnkxXGxFA?authuser=0&hl=en&g_ep=EgoyMDI2MDkwMi4wIJJjKgBIAVAD&rclk=1","Auburn House","3.2","(5)","Aged care","·","·","98-100 Camberwell Rd","https://www.svhm.org.au/health-professionals/community-and-aged-care/aged-care-facilities/auburn-house","","Website","","Directions","+61 3 9231 0940","","","","","","","",""
"https://www.google.com/maps/place/Australian+Aged+Care+Group+Pty+Ltd/data=!4m7!3m6!1s0x6ad6429e7113ffff:0xfd08cf05a65dc838!8m2!3d-37.8382645!4d144.9882699!16s%2Fg%2F11np3lbc5x!19sChIJ__8TcZ5C1moROMhdpgXPCP0?authuser=0&hl=en&g_ep=EgoyMDI2MDkwMi4wIJJjKgBIAVAD&rclk=1","Australian Aged Care Group Pty Ltd","5.0","(2)","Corporate office","·","·","44 Caroline St","https://aacg.com.au/","","Website","","Directions","+61 3 9600 0828","","","","","","","",""
"https://www.google.com/maps/place/St+Joseph%27s+Home/data=!4m7!3m6!1s0x6ad643645fcccd33:0xed50d43fb2092518!8m2!3d-37.7721572!4d144.9914081!16s%2Fg%2F1tfjl871!19sChIJM83MX2RD1moRGCUJsj_UUO0?authuser=0&hl=en&g_ep=EgoyMDI2MDkwMi4wIJJjKgBIAVAD&rclk=1","St Joseph's Home","3.8","(11)","Retirement home","·","·","112B St Georges Rd","http://www.littlesistersofthepoor.org.au/","","Website","","Directions","+61 3 9489 8444","","","","","","","",""
"https://www.google.com/maps/place/BASSCARE+Residential+Aged+Care+-+Samarinda+Lodge/data=!4m7!3m6!1s0x6ad641db395f4ec5:0x59464bb8ab93cce6!8m2!3d-37.8645612!4d145.0855942!16s%2Fg%2F1tk8nq_v!19sChIJxU5fOdtB1moR5syTq7hLRlk?authuser=0&hl=en&g_ep=EgoyMDI2MDkwMi4wIJJjKgBIAVAD&rclk=1","BASSCARE Residential Aged Care - Samarinda Lodge","4.4","(49)","Aged care","·","·","286 High St","https://www.basscare.org.au/samarinda-lodge/","","Website","","Directions","+61 1300 591 464","","Opens soon","·","https://ssl.gstatic.com/local/servicebusiness/default_user.png","""Clinical","Care","/ nursing is of a high standard.""","· 9 AM"
"https://www.google.com/maps/place/Wintringham+Hostel+%E2%80%93+Port+Melbourne/data=!4m7!3m6!1s0x6ad667967957ccf3:0xf956f982c4f603ec!8m2!3d-37.837809!4d144.933314!16s%2Fg%2F1tgw54_c!19sChIJ88xXeZZn1moR7AP2xIL5Vvk?authuser=0&hl=en&g_ep=EgoyMDI2MDkwMi4wIJJjKgBIAVAD&rclk=1","Wintringham Hostel – Port Melbourne","4.1","(9)","Aged care","·","·","79 Swallow St","https://www.wintringham.org.au/port_melbourne_hostel.html","","Website","","Directions","+61 3 9646 0588","","Opens soon","·","","","","","· 9 AM"
"https://www.google.com/maps/place/Kew+Grove+Care+Community/data=!4m7!3m6!1s0x6ad643b268129c8f:0x20b2c0d38f4668b7!8m2!3d-37.8094394!4d145.0175782!16s%2Fg%2F1td1q020!19sChIJj5wSaLJD1moRt2hGj9PAsiA?authuser=0&hl=en&g_ep=EgoyMDI2MDkwMi4wIJJjKgBIAVAD&rclk=1","Kew Grove Care Community","4.5","(6)","Aged care","·","·","79 Stevenson St","https://www.opalhealthcare.com.au/residential-aged-care/kew-grove?utm_source=google&utm_medium=organic&utm_campaign=gmb&utm_content=Kew-Grove-Listing","","Website","","Directions","+61 3 9208 6500","","Opens soon","·","","","","","· 9 AM"
"https://www.google.com/maps/place/Plena+Healthcare/data=!4m7!3m6!1s0x6ad6690285f3b63d:0x4db14dff9c5ea49e!8m2!3d-37.8378014!4d144.9768669!16s%2Fg%2F11rqxllcms!19sChIJPbbzhQJp1moRnqRenP9NsU0?authuser=0&hl=en&g_ep=EgoyMDI2MDkwMi4wIJJjKgBIAVAD&rclk=1","Plena Healthcare","4.8","(240)","Aged care","·","·","Level 4/417 St Kilda Rd","https://www.plenahealthcare.com.au/","","Website","","Directions","+61 136033","","Opens soon","·","https://ssl.gstatic.com/local/servicebusiness/default_user.png","""Alvin is the best physio we have got in our Nirvana","aged care","facility.""","· 9 AM"
"https://www.google.com/maps/place/Uniting+AgeWell+Manningtree+Hawthorn/data=!4m7!3m6!1s0x6ad64237b360f12f:0xe99e2e2df26dd16b!8m2!3d-37.823291!4d145.0285545!16s%2Fg%2F1tjfgzsv!19sChIJL_FgszdC1moRa9Ft8i0unuk?authuser=0&hl=en&g_ep=EgoyMDI2MDkwMi4wIJJjKgBIAVAD&rclk=1","Uniting AgeWell Manningtree Hawthorn","5.0","(3)","Aged care","·","·","20-26 Manningtree Rd","https://www.unitingagewell.org/location/manningtree-hawthorn/","","Website","","Directions","+61 1300 783 435","","","","","","","",""
"https://www.google.com/maps/place/Aged+Care+Financial+Planning/data=!4m7!3m6!1s0x6ad6156bb16a523b:0x640bb0ed94d604e6!8m2!3d-37.8159248!4d144.9600767!16s%2Fg%2F11j00tjncf!19sChIJO1JqsWsV1moR5gTWlO2wC2Q?authuser=0&hl=en&g_ep=EgoyMDI2MDkwMi4wIJJjKgBIAVAD&rclk=1","Aged Care Financial Planning","5.0","(79)","Aged care","·","·","1/430 Little Collins St","http://www.agedcfp.com.au/","","Website","","Directions","+61 1300 000 243","","Opens soon","·","https://ssl.gstatic.com/local/servicebusiness/default_user.png","""The team at","Aged Care","Financial Planning have made our lives so much easier.""","· 9 AM"
"https://www.google.com/maps/place/Uniting+AgeWell/data=!4m7!3m6!1s0x6ad642c84ab3f68b:0x4137f9f267aa436c!8m2!3d-37.8101235!4d144.9685667!16s%2Fg%2F1tfx50gs!19sChIJi_azSshC1moRbEOqZ_L5N0E?authuser=0&hl=en&g_ep=EgoyMDI2MDkwMi4wIJJjKgBIAVAD&rclk=1","Uniting AgeWell","4.3","(6)","Aged care","·","·","130 Lonsdale St","https://www.unitingagewell.org/","","Website","","Directions","+61 1300 783 435","","","","","","","",""
"https://www.google.com/maps/place/Aged+Care+Hub/data=!4m7!3m6!1s0x6ad65d4c25baaaab:0x9a56f54bbdf3b63f!8m2!3d-37.8165303!4d144.9561389!16s%2Fg%2F11lgntqtjv!19sChIJq6q6JUxd1moRP7bzvUv1Vpo?authuser=0&hl=en&g_ep=EgoyMDI2MDkwMi4wIJJjKgBIAVAD&rclk=1","Aged Care Hub","","","Aged care","·","·","Ste 1, Level 9/601 Bourke St","http://agedcareaccess.com/","","Website","","Directions","","","","","","","","",""
"https://www.google.com/maps/place/Regis+Aged+Care/data=!4m7!3m6!1s0x6ad669c20cb49137:0xeee0f9ded20ef516!8m2!3d-37.8327945!4d145.0585224!16s%2Fg%2F1pzth2n9h!19sChIJN5G0DMJp1moRFvUO0t754O4?authuser=0&hl=en&g_ep=EgoyMDI2MDkwMi4wIJJjKgBIAVAD&rclk=1","Regis Aged Care","3.0","(6)","Aged care","·","·","level 2/293 Camberwell Rd","https://www.regis.com.au/?utm_source=google&utm_medium=organic&utm_campaign=Google%20My%20Business&utm_content=Regis%20Aged%20Care&utm_term=plcid_10693622721199770062","","Website","","Directions","+61 1300 998 100","","Opens soon","·","","","","","· 9 AM"
"https://www.google.com/maps/place/Aktrapid+Nursing+Agency+Australia/data=!4m7!3m6!1s0x264bdd7b3bc243:0x27606c99864357dd!8m2!3d-37.818404!4d144.962629!16s%2Fg%2F11b6gn7bkz!19sChIJQ8I7e91LJgAR3VdDhplsYCc?authuser=0&hl=en&g_ep=EgoyMDI2MDkwMi4wIJJjKgBIAVAD&rclk=1","Aktrapid Nursing Agency Australia","4.7","(160)","Nursing agency","·","·","Level 9/10 Queen St","https://www.aktrapid.com.au/","","Website","","Directions","+61 3 9656 9777","","Open 24 hours","·","https://ssl.gstatic.com/local/servicebusiness/default_user.png","""As i just completed my certification IV in","aged care",".""",""
"https://www.google.com/maps/place/Camberwell+Gables+Care+Community/data=!4m7!3m6!1s0x6ad6419e9269d6d3:0xd128c7acd8992b5d!8m2!3d-37.8321504!4d145.0670702!16s%2Fg%2F1tlbjpy1!19sChIJ09Zpkp5B1moRXSuZ2KzHKNE?authuser=0&hl=en&g_ep=EgoyMDI2MDkwMi4wIJJjKgBIAVAD&rclk=1","Camberwell Gables Care Community","4.2","(14)","Aged care","·","·","629 Riversdale Rd","https://www.opalhealthcare.com.au/residential-aged-care/camberwell-gables?utm_source=google&utm_medium=organic&utm_campaign=gmb&utm_content=Camberwell-Gables-Listing","","Website","","Directions","+61 3 9834 7000","","Opens soon","·","","","","","· 9 AM"
"https://www.google.com/maps/place/Jewish+Care+-+Residential+Home+Windsor+-+Hannah+%26+Daryl+Cohen+Family+Building/data=!4m7!3m6!1s0x6ad66911c0c5584d:0xfbda7326a1f1d5fa!8m2!3d-37.8531456!4d144.983009!16s%2Fg%2F11pxs2cwn_!19sChIJTVjFwBFp1moR-tXxoSZz2vs?authuser=0&hl=en&g_ep=EgoyMDI2MDkwMi4wIJJjKgBIAVAD&rclk=1","Jewish Care - Residential Home Windsor - Hannah & Daryl Cohen Family Building","4.7","(27)","Aged care","·","·","K11, Union St","https://www.jewishcare.org.au/page/services/residential-aged-care/cohen-family-building","","Website","","Directions","+61 3 8517 5700","","Open","·","https://ssl.gstatic.com/local/servicebusiness/default_user.png","""Extraordinary views of Melbourne

Devoted,","caring","nurses and","· Closes 5 PM"
"https://www.google.com/maps/place/Kew+Botanica+Care+Community/data=!4m7!3m6!1s0x6ad643cf5582a1e3:0xd94f1b50d7779cf5!8m2!3d-37.8083405!4d145.0326967!16s%2Fg%2F1pwfw2q9c!19sChIJ46GCVc9D1moR9Zx311AbT9k?authuser=0&hl=en&g_ep=EgoyMDI2MDkwMi4wIJJjKgBIAVAD&rclk=1","Kew Botanica Care Community","3.8","(13)","Aged care","·","·","20/24 Gellibrand St","https://www.opalhealthcare.com.au/residential-aged-care/kew-botanica?utm_source=google&utm_medium=organic&utm_campaign=gmb&utm_content=Kew-Botanica-Listing","","Website","","Directions","+61 3 9261 8600","","Opens soon","·","https://ssl.gstatic.com/local/servicebusiness/default_user.png","""the staff truly","care","for the residents and are professionals.""","· 9 AM"
"https://www.google.com/maps/place/North-Eastern+Metro+Aged+Care+Assessment+Service/data=!4m7!3m6!1s0x6ad641611bc5c777:0xc1522c5512a1c0b6!8m2!3d-37.8082409!4d145.052836!16s%2Fg%2F1pwftw6mx!19sChIJd8fFG2FB1moRtsChElUsUsE?authuser=0&hl=en&g_ep=EgoyMDI2MDkwMi4wIJJjKgBIAVAD&rclk=1","North-Eastern Metro Aged Care Assessment Service","4.0","(1)","Assisted living facility","·","·","283 Cotham Rd","https://www.myagedcare.gov.au/contact-form","","Website","","Directions","+61 3 9231 8566","","Open","·","","","","","· Closes 4:30 PM"
"https://www.google.com/maps/place/Aged+Care+Assessment+Service/data=!4m7!3m6!1s0x6ad65cdb333e8bd5:0xcbdd5aaf24821a95!8m2!3d-37.7777689!4d144.9474132!16s%2Fg%2F1pwfw3zvx!19sChIJ1Ys-M9tc1moRlRqCJK9a3cs?authuser=0&hl=en&g_ep=EgoyMDI2MDkwMi4wIJJjKgBIAVAD&rclk=1","Aged Care Assessment Service","4.2","(5)","Aged care","·","·","RMH Royal Park Campus, Aged Care 4 (AC4, 34-54 Poplar Rd","https://www.thermh.org.au/services/aged-care/aged-care-assessment-service","","Website","","Directions","+61 3 8387 2193","","Open","·","https://ssl.gstatic.com/local/servicebusiness/default_user.png","""Meals are served regularly and nutritious.""","","","· Closes 5 PM"
"https://www.google.com/maps/place/Menarock+LIFE+Aged+Care+Services/data=!4m7!3m6!1s0x6ad640c5311bf999:0x1ecdc509b4e22541!8m2!3d-37.8388664!4d145.0881731!16s%2Fg%2F11bwfm6l1m!19sChIJmfkbMcVA1moRQSXitAnFzR4?authuser=0&hl=en&g_ep=EgoyMDI2MDkwMi4wIJJjKgBIAVAD&rclk=1","Menarock LIFE Aged Care Services","3.0","(2)","Aged care","·","·","13 Cornell St","https://menarocklifeagedcare.com.au/","","Website","","Directions","+61 3 9898 1000","","Opens soon","·","","","","","· 9 AM"
"https://www.google.com/maps/place/Luxe+Care/data=!4m7!3m6!1s0x6ad643c6661d239d:0x91688d13b45e2192!8m2!3d-37.829144!4d145.043573!16s%2Fg%2F11c46772ns!19sChIJnSMdZsZD1moRkiFetBONaJE?authuser=0&hl=en&g_ep=EgoyMDI2MDkwMi4wIJJjKgBIAVAD&rclk=1","Luxe Care","3.9","(49)","Home health care service","·","·","266 Auburn Rd","https://www.luxecare.com.au/?utm_source=google&utm_medium=gmb&utm_campaign=gmb_campaign&utm_id=gmb_campaign","","Website","","Directions","+61 1300 674 886","","Open 24 hours","·","https://ssl.gstatic.com/local/servicebusiness/default_user.png","""Luxe","Care","have been a fantastic Home",""
"https://www.google.com/maps/place/Mckenzie+Aged+Care/data=!4m7!3m6!1s0x6ad642b4a3453f11:0x8270d5d3dffbdd11!8m2!3d-37.816431!4d144.9622612!16s%2Fg%2F11np3lh1gc!19sChIJET9Fo7RC1moREd3739PVcII?authuser=0&hl=en&g_ep=EgoyMDI2MDkwMi4wIJJjKgBIAVAD&rclk=1","Mckenzie Aged Care","","","Aged care","·","·","360 Collins St","","","Directions","","","","","","","","","","",""
"https://www.google.com/maps/place/Iris+Aged+Care/data=!4m7!3m6!1s0x6ad6410865a96457:0x101f3198081ecce2!8m2!3d-37.86377!4d145.0815358!16s%2Fg%2F11m5xs50b_!19sChIJV2SpZQhB1moR4sweCJgxHxA?authuser=0&hl=en&g_ep=EgoyMDI2MDkwMi4wIJJjKgBIAVAD&rclk=1","Iris Aged Care","5.0","(2)","Home health care service","·","·","262 High St","https://www.irisagedcare.com.au/","","Website","","Directions","+61 1800 983 363","","Open","·","","Onsite services not available","","","· Closes 4 PM"
"https://www.google.com/maps/place/Call+on+Clare/data=!4m7!3m6!1s0x6ad6419a4a3f644d:0x3cdacda5c332e9a1!8m2!3d-37.8311549!4d145.0569461!16s%2Fg%2F11h4p2x3c8!19sChIJTWQ_SppB1moRoekyw6XN2jw?authuser=0&hl=en&g_ep=EgoyMDI2MDkwMi4wIJJjKgBIAVAD&rclk=1","Call on Clare","4.8","(51)","Home health care service","·","·","558 Burke Rd","http://www.callonclare.com.au/","","Website","","Directions","+61 3 9001 9762","","Open","·","https://ssl.gstatic.com/local/servicebusiness/default_user.png","""Their compassion experience and empathy was outstanding.""","","","· Closes 5 PM"
"https://www.google.com/maps/place/Camberwell+Mews+Care+Community/data=!4m7!3m6!1s0x6ad64174ecf9dd07:0x6912eab460232921!8m2!3d-37.8259959!4d145.0688744!16s%2Fg%2F1tdqzvvq!19sChIJB9357HRB1moRISkjYLTqEmk?authuser=0&hl=en&g_ep=EgoyMDI2MDkwMi4wIJJjKgBIAVAD&rclk=1","Camberwell Mews Care Community","4.3","(8)","Aged care","·","·","2A Warburton Rd","https://www.opalhealthcare.com.au/residential-aged-care/camberwell-mews?utm_source=google&utm_medium=organic&utm_campaign=gmb&utm_content=Camberwell-Mews-Listing","","Website","","Directions","+61 3 8809 0200","","Opens soon","·","https://ssl.gstatic.com/local/servicebusiness/default_user.png","""We are very thankful to all the carers who looked after her.""","","","· 9 AM"
"https://www.google.com/maps/place/VMCH+O%27Neill+House/data=!4m7!3m6!1s0x6ad6682e79449f47:0x93cf23262680aa16!8m2!3d-37.8511135!4d144.9995233!16s%2Fg%2F1hhgpypd5!19sChIJR59EeS5o1moRFqqAJiYjz5M?authuser=0&hl=en&g_ep=EgoyMDI2MDkwMi4wIJJjKgBIAVAD&rclk=1","VMCH O'Neill House","4.9","(8)","Aged care","·","·","101 Lewisham Rd N","https://vmch.com.au/services/palliative-care/oneill-house-prahran/","","Website","","Directions","+61 3 7038 8222","","Open 24 hours","·","https://ssl.gstatic.com/local/servicebusiness/default_user.png","""Excellent facilities but, most of all, amazing","caring","staff.""",""
"https://www.google.com/maps/place/Maree+Care/data=!4m7!3m6!1s0x6ad645f5a8b97b89:0x5c5c1b307072990e!8m2!3d-37.764445!4d144.9918178!16s%2Fg%2F11t583ppzn!19sChIJiXu5qPVF1moRDplycDAbXFw?authuser=0&hl=en&g_ep=EgoyMDI2MDkwMi4wIJJjKgBIAVAD&rclk=1","Maree Care","3.9","(9)","Aged care","·","·","253 St Georges Rd","http://www.mareecare.com.au/","","Website","","Directions","+61 1300 319 872","","Open","·","","","","","· Closes 6 PM"
"https://www.google.com/maps/place/Elder+Rights+Australia/data=!4m7!3m6!1s0x6ad65d4b54cd163b:0xc3e64f73f64216ab!8m2!3d-37.8169887!4d144.9661858!16s%2Fg%2F1ths9hjb!19sChIJOxbNVEtd1moRqxZC9nNP5sM?authuser=0&hl=en&g_ep=EgoyMDI2MDkwMi4wIJJjKgBIAVAD&rclk=1","Elder Rights Australia","4.3","(6)","Aged care","·","·","247-251 Flinders Ln","https://elderrights.org.au/","","Website","","Directions","+61 3 9602 3066","","Open","·","https://ssl.gstatic.com/local/servicebusiness/default_user.png","""Advocate Jes Carina was so incredibly kind and professional to deal with.""","","","· Closes 4:30 PM"
"https://www.google.com/maps/place/Northcote+Mews+Care+Community/data=!4m7!3m6!1s0x6ad64377b202f92f:0x1b20006fd2d3c396!8m2!3d-37.78152!4d145.003216!16s%2Fg%2F1pv5x5tjq!19sChIJL_kCsndD1moRlsPT0m8AIBs?authuser=0&hl=en&g_ep=EgoyMDI2MDkwMi4wIJJjKgBIAVAD&rclk=1","Northcote Mews Care Community","5.0","(7)","Aged care","·","·","121/127 Westgarth St","https://www.opalhealthcare.com.au/residential-aged-care/northcote-mews?utm_source=google&utm_medium=organic&utm_campaign=gmb&utm_content=Northcote-Mews-Listing","","Website","","Directions","+61 3 9276 9276","","Opens soon","·","https://ssl.gstatic.com/local/servicebusiness/default_user.png","""The Northcote Mews","Care","is a very welcoming Community.""","· 9 AM"
"https://www.google.com/maps/place/Care+Guidance+Pty+Ltd/data=!4m7!3m6!1s0x6ad642c6387e1adf:0xa29f788945a984a9!8m2!3d-37.8002271!4d145.001952!16s%2Fg%2F11bwp1hwkq!19sChIJ3xp-OMZC1moRqYSpRYl4n6I?authuser=0&hl=en&g_ep=EgoyMDI2MDkwMi4wIJJjKgBIAVAD&rclk=1","Care Guidance Pty Ltd","4.8","(19)","Aged care","·","·","305-306/452 Johnston St","http://careguidance.com.au/","","Website","","Directions","+61 1300 442 383","","Opens soon","·","https://ssl.gstatic.com/local/servicebusiness/default_user.png","""They have in-depth knowledge of the","aged care","homes.""","· 9 AM"
"https://www.google.com/maps/place/BASSCARE+Residential+Aged+Care+-+Faversham+House/data=!4m7!3m6!1s0x6ad6411a4af1351d:0x1940c19d7b5877e!8m2!3d-37.822454!4d145.085026!16s%2Fg%2F1pyqvb7z7!19sChIJHTXxShpB1moRfoe11xkMlAE?authuser=0&hl=en&g_ep=EgoyMDI2MDkwMi4wIJJjKgBIAVAD&rclk=1","BASSCARE Residential Aged Care - Faversham House","4.4","(16)","Nursing home","·","·","27 Shierlaw Ave","https://www.basscare.org.au/faversham-house/","","Website","","Directions","+61 3 8809 4000","","Opens soon","·","","","","","· 9 AM"
"https://www.google.com/maps/place/VMCH+O%27Neill+House/data=!4m7!3m6!1s0x6ad6682e79449f47:0x93cf23262680aa16!8m2!3d-37.8511135!4d144.9995233!16s%2Fg%2F1hhgpypd5!19sChIJR59EeS5o1moRFqqAJiYjz5M?authuser=0&hl=en&g_ep=EgoyMDI2MDkwMi4wIJJjKgBIAVAD&rclk=1","VMCH O'Neill House","4.9","(8)","Aged care","·","·","101 Lewisham Rd N","https://elderrights.org.au/","","Website","","Directions","+61 3 7038 8222","","Open 24 hours","·","https://ssl.gstatic.com/local/servicebusiness/default_user.png","""Excellent facilities but, most of all, amazing","caring","staff.""",""
"https://www.google.com/maps/place/Maree+Care/data=!4m7!3m6!1s0x6ad645f5a8b97b89:0x5c5c1b307072990e!8m2!3d-37.764445!4d144.9918178!16s%2Fg%2F11t583ppzn!19sChIJiXu5qPVF1moRDplycDAbXFw?authuser=0&hl=en&g_ep=EgoyMDI2MDkwMi4wIJJjKgBIAVAD&rclk=1","Maree Care","3.9","(9)","Aged care","·","·","253 St Georges Rd","http://www.mareecare.com.au/","","Website","","Directions","+61 1300 319 872","","Open","·","https://ssl.gstatic.com/local/servicebusiness/default_user.png","""The Northcote Mews","Care","is a very welcoming Community.""","· Closes 6 PM"
"https://www.google.com/maps/place/Northcote+Mews+Care+Community/data=!4m7!3m6!1s0x6ad64377b202f92f:0x1b20006fd2d3c396!8m2!3d-37.78152!4d145.003216!16s%2Fg%2F1pv5x5tjq!19sChIJL_kCsndD1moRlsPT0m8AIBs?authuser=0&hl=en&g_ep=EgoyMDI2MDkwMi4wIJJjKgBIAVAD&rclk=1","Northcote Mews Care Community","5.0","(7)","Aged care","·","·","121/127 Westgarth St","https://www.opalhealthcare.com.au/residential-aged-care/northcote-mews?utm_source=google&utm_medium=organic&utm_campaign=gmb&utm_content=Northcote-Mews-Listing","","Website","","Directions","+61 3 9276 9276","","Opens soon","·","","","","","· 9 AM"
"https://www.google.com/maps/place/Care+Guidance+Pty+Ltd/data=!4m7!3m6!1s0x6ad642c6387e1adf:0xa29f788945a984a9!8m2!3d-37.8002271!4d145.001952!16s%2Fg%2F11bwp1hwkq!19sChIJ3xp-OMZC1moRqYSpRYl4n6I?authuser=0&hl=en&g_ep=EgoyMDI2MDkwMi4wIJJjKgBIAVAD&rclk=1","Care Guidance Pty Ltd","4.8","(19)","Aged care","·","·","305-306/452 Johnston St","https://www.google.com/aclk?sa=L&ai=DChsSEwj_trLUiuCWAxVykO4BHYzKAvcYACICCAEQCxoCZHo&co=1&ase=2&gclid=Cj0KCQjw5P7UBhDaARIsAOSlS1OwNkflEzGDcLpAjFvrjSZErmHSasHOSGrFEnHd7-FcTknKwH01UsEaArh1EALw_wcB&cid=CAASZeRorLKitao6olfdWk3cSsUrsN3vswySHCumR7-0tSwI-OoEbi2pvBZLikcj9Q8d26qTYcHHtE1bGAniO7PV1Mpv5Wv1ajNf7xg2lptrK5TLFEZr64uxCnC9w3Q7wdtUtVkPpn0A&cce=2&category=acrcp_v1_32&sig=AOD64_0vYvMxBsCdcrk9U634E5Vp-Uy_RQ&adurl&q&ctype=99&nis=5","","Website","","Directions","+61 1300 442 383","","Opens soon","·","https://ssl.gstatic.com/local/servicebusiness/default_user.png","""They have in-depth knowledge of the","aged care","homes.""","· 9 AM"
"https://www.google.com/maps/place/BASSCARE+Residential+Aged+Care+-+Faversham+House/data=!4m7!3m6!1s0x6ad6411a4af1351d:0x1940c19d7b5877e!8m2!3d-37.822454!4d145.085026!16s%2Fg%2F1pyqvb7z7!19sChIJHTXxShpB1moRfoe11xkMlAE?authuser=0&hl=en&g_ep=EgoyMDI2MDkwMi4wIJJjKgBIAVAD&rclk=1","BASSCARE Residential Aged Care - Faversham House","4.4","(16)","Nursing home","·","·","27 Shierlaw Ave","https://www.google.com/aclk?sa=L&ai=DChsSEwj_trLUiuCWAxVykO4BHYzKAvcYACICCAEQARoCZHo&co=1&ase=2&gclid=Cj0KCQjw5P7UBhDaARIsAOSlS1MXTUqvImtWuI6GrYyg4UpLJ0sRZvoDpaYRqdiMxGTvtHEMrjD8LOEaAuvkEALw_wcB&cid=CAASZeRorLKitao6olfdWk3cSsUrsN3vswySHCumR7-0tSwI-OoEbi2pvBZLikcj9Q8d26qTYcHHtE1bGAniO7PV1Mpv5Wv1ajNf7xg2lptrK5TLFEZr64uxCnC9w3Q7wdtUtVkPpn0A&cce=2&category=acrcp_v1_32&sig=AOD64_28vEVbYPCR3V8McU_9PoLQ6ScldA&adurl&q&ctype=99&nis=5","","Website","","Directions","+61 3 8809 4000","","Opens soon","·","","","","","· 9 AM"
"https://www.google.com/maps/place/Eva+Tilley/data=!4m7!3m6!1s0x6ad6414ec1b6c0b9:0x2abda93c88e81c1!8m2!3d-37.7968161!4d145.0635104!16s%2Fg%2F1vd7618k!19sChIJucC2wU5B1moRwYGOyJPaqwI?authuser=0&hl=en&g_ep=EgoyMDI2MDkwMi4wIJJjKgBIAVAD&rclk=1","Eva Tilley","4.3","(14)","Assisted living facility","·","·","1100 Burke Rd","http://www.evatilley.com.au/","","Website","","Directions","+61 3 9859 9541","","Opens soon","·","https://ssl.gstatic.com/local/servicebusiness/default_user.png","""We’re grateful for the high standard of service and","care","being provided.""","· 9 AM"
"https://www.google.com/maps/place/Aged+Care+Training+Australia/data=!4m7!3m6!1s0x6ad642b5ca32c6dd:0x909df57711199c3a!8m2!3d-37.8155068!4d144.9654267!16s%2Fg%2F11cmysjjf9!19sChIJ3cYyyrVC1moROpwZEXf1nZA?authuser=0&hl=en&g_ep=EgoyMDI2MDkwMi4wIJJjKgBIAVAD&rclk=1","Aged Care Training Australia","","","Aged care","·","·","250 Collins St","","","Directions","","","+61 3 9654 3000","","","","","","","",""
"https://www.google.com/maps/place/Nationwide+Health+%26+Aged+Care+Services/data=!4m7!3m6!1s0x6ad6392df81a053d:0xed09304c9abe40c7!8m2!3d-37.8482011!4d145.0745721!16s%2Fg%2F11bwyh773w!19sChIJPQUa-C051moRx0C-mkwwCe0?authuser=0&hl=en&g_ep=EgoyMDI2MDkwMi4wIJJjKgBIAVAD&rclk=1","Nationwide Health & Aged Care Services","5.0","(1)","Aged care","·","·","1096 Toorak Rd","","","Directions","","","+61 1300 554 943","","","","","","","",""
"https://www.google.com/maps/place/Navigating+Aged+Care/data=!4m7!3m6!1s0x6ad6435a7c91fde9:0xe84da36203e338df!8m2!3d-37.8169726!4d144.9633347!16s%2Fg%2F11kk00869r!19sChIJ6f2RfFpD1moR3zjjA2KjTeg?authuser=0&hl=en&g_ep=EgoyMDI2MDkwMi4wIJJjKgBIAVAD&rclk=1","Navigating Aged Care","","","Aged care","·","·","333 Collins St","","","Directions","","","+61 1800 343 930","","Opens soon","·","","","","","· 9 AM"
"https://www.google.com/maps/place/Sapphire+Care/data=!4m7!3m6!1s0x6ad6422afbf848ab:0xad14e5a2d6e070ad!8m2!3d-37.8241651!4d145.0469605!16s%2Fg%2F11bbwmq01y!19sChIJq0j4-ypC1moRrXDg1qLlFK0?authuser=0&hl=en&g_ep=EgoyMDI2MDkwMi4wIJJjKgBIAVAD&rclk=1","Sapphire Care","","","Aged care","·","·","Ste 1/117 Camberwell Rd","","","Directions","","","+61 3 9828 1200","","Opens soon","·","","","","","· 9 AM"
"https://www.google.com/maps/place/Aged+Care+Specialists+VIC/data=!4m7!3m6!1s0x6ad646610c48fb95:0xcfb93369a940e2!8m2!3d-37.768571!4d145.0429357!16s%2Fg%2F11bwyv39hy!19sChIJlftIDGFG1moR4kCpaTO5zwA?authuser=0&hl=en&g_ep=EgoyMDI2MDkwMi4wIJJjKgBIAVAD&rclk=1","Aged Care Specialists VIC","5.0","(26)","Financial consultant","·","·","Level 2/154 Upper Heidelberg Rd","http://agedcsv.com.au/","","Website","","Directions","+61 419 319 386","","Opens soon","·","https://ssl.gstatic.com/local/servicebusiness/default_user.png","""I now have peace of mind that my finances are well taken","care","of.""","· 9 AM"
"https://www.google.com/maps/place/Aged+%26+Community+Services+Australia/data=!4m7!3m6!1s0x6ad65d4e1f181ba7:0x56b365db745d4eaf!8m2!3d-37.8134222!4d144.9726724!16s%2Fg%2F11f4lfrtbn!19sChIJpxsYH05d1moRr05ddNtls1Y?authuser=0&hl=en&g_ep=EgoyMDI2MDkwMi4wIJJjKgBIAVAD&rclk=1","Aged & Community Services Australia","","","Corporate office","·","·","3/24 Collins St","","","Directions","","","+61 3 9108 0750","","Opens soon","·","","","","","· 9 AM"
"https://www.google.com/maps/place/Russian+Aged+Care+%2F+Russian+Ethnic+Representative+Council+of+Victoria/data=!4m7!3m6!1s0x6ad64320064c5a31:0x1f5b7820ec8e496e!8m2!3d-37.8003899!4d144.9825973!16s%2Fg%2F1vd3vy9g!19sChIJMVpMBiBD1moRbkmO7CB4Wx8?authuser=0&hl=en&g_ep=EgoyMDI2MDkwMi4wIJJjKgBIAVAD&rclk=1","Russian Aged Care / Russian Ethnic Representative Council of Victoria","4.1","(10)","Aged care","·","·","118 Greeves St","http://rerc.org.au/","","Website","","Directions","+61 3 9415 6899","","Opens soon","·","","","","","· 9 AM"
"https://www.google.com/maps/place/Alphington+Aged+Care/data=!4m7!3m6!1s0x6ad644084cbef29d:0xa07f9da195c5801e!8m2!3d-37.7795594!4d145.0356534!16s%2Fg%2F11jt0q__7p!19sChIJnfK-TAhE1moRHoDFlaGdf6A?authuser=0&hl=en&g_ep=EgoyMDI2MDkwMi4wIJJjKgBIAVAD&rclk=1","Alphington Aged Care","","","Aged care","·","·","9 Old Heidelberg Rd","","","Directions","","","","","","","","","","",""
"https://www.google.com/maps/place/Oxa+Aged+Care/data=!4m7!3m6!1s0x6ad6404e2a5aaaab:0x94d6e68c880a0623!8m2!3d-37.8502422!4d145.101507!16s%2Fg%2F11tbz52cfk!19sChIJq6paKk5A1moRIwYKiIzm1pQ?authuser=0&hl=en&g_ep=EgoyMDI2MDkwMi4wIJJjKgBIAVAD&rclk=1","Oxa Aged Care","","","Aged care","·","·","121 Burwood Hwy","","","Directions","","","","","","","","","","",""
"https://www.google.com/maps/place/TLC+Aged+Care/data=!4m7!3m6!1s0x6ad6468ae86b9c5f:0xa81c371a41b37f48!8m2!3d-37.841055!4d144.976494!16s%2Fg%2F1tt0r80n!19sChIJX5xr6IpG1moRSH-zQRo3HKg?authuser=0&hl=en&g_ep=EgoyMDI2MDkwMi4wIJJjKgBIAVAD&rclk=1","TLC Aged Care","3.8","(12)","Aged care","·","·","Level 10/468 St Kilda Rd","https://www.tlcagedcare.com.au/","","Website","","Directions","+61 132852","","Opens soon","·","","","","","· 9 AM"
"https://www.google.com/maps/place/Prague+House/data=!4m7!3m6!1s0x6ad641610a7b404f:0xd3c961585d18e70d!8m2!3d-37.8091645!4d145.0519895!16s%2Fg%2F1s04g928c!19sChIJT0B7CmFB1moRDecYXVhhydM?authuser=0&hl=en&g_ep=EgoyMDI2MDkwMi4wIJJjKgBIAVAD&rclk=1","Prague House","2.0","(2)","Assisted living facility","·","·","253 Cotham Rd","https://www.svhm.org.au/health-professionals/aged-and-community-care/aged-care-facilities/prague-house","","Website","","Directions","+61 3 9231 8600","","","","","","","",""
"https://www.google.com/maps/place/Claremont+%26+Southport+Aged+Care+Limited/data=!4m7!3m6!1s0x6ad667fd85d00001:0x39cf7b94b6f5ef91!8m2!3d-37.8370177!4d144.9607964!16s%2Fg%2F11pz0kjw6x!19sChIJAQDQhf1n1moRke_1tpR7zzk?authuser=0&hl=en&g_ep=EgoyMDI2MDkwMi4wIJJjKgBIAVAD&rclk=1","Claremont & Southport Aged Care Limited","","","Aged care","·","·","203 Napier St","","","Directions","","","","","","","","","","",""
"https://www.google.com/maps/place/Applied+Aged+Care+Solutions+Pty+Ltd/data=!4m7!3m6!1s0x6ad641232ba7eeeb:0xd6841222e4eb6a!8m2!3d-37.8131968!4d145.0826184!16s%2Fg%2F11h6b9xn8f!19sChIJ6-6nKyNB1moRauvkIhKE1gA?authuser=0&hl=en&g_ep=EgoyMDI2MDkwMi4wIJJjKgBIAVAD&rclk=1","Applied Aged Care Solutions Pty Ltd","5.0","(1)","Aged care","·","·","274A Whitehorse Rd","http://aacs.com.au/","","Website","","Directions","+61 3 9836 8852","","","","","","","",""
"https://www.google.com/maps/place/Core+Value+Financial+Advice/data=!4m7!3m6!1s0x6ad6431f8ca218b1:0x8961d917988bfaa3!8m2!3d-37.8162911!4d144.9628335!16s%2Fg%2F11f712_jky!19sChIJsRiijB9D1moRo_qLmBfZYYk?authuser=0&hl=en&g_ep=EgoyMDI2MDkwMi4wIJJjKgBIAVAD&rclk=1","Core Value Financial Advice","4.9","(105)","Aged care","·","·","Level 8/350 Collins St","http://www.corevalue.com.au/melbourne","","Website","","Directions","+61 1300 944 011","","Open","·","https://ssl.gstatic.com/local/servicebusiness/default_user.png","""Shane was very knowledgeable about procedures in","aged care","""","· Closes 5 PM"
"https://www.google.com/maps/place/First+Choice+Care+%28Clinical+Facilitation%29+-+Melbourne/data=!4m7!3m6!1s0x6ad640e120d8f159:0xe259ac24edf95838!8m2!3d-37.8097323!4d144.9698872!16s%2Fg%2F1td5lv72!19sChIJWfHYIOFA1moROFj57SSsWeI?authuser=0&hl=en&g_ep=EgoyMDI2MDkwMi4wIJJjKgBIAVAD&rclk=1","First Choice Care (Clinical Facilitation) - Melbourne","4.7","(150)","Nursing agency","·","·","level 10/242 Exhibition St","https://www.firstchoicecare.com.au/","","Website","","Directions","+61 1300 307 241","","Open","·","https://ssl.gstatic.com/local/servicebusiness/default_user.png","""Very friendly nursing agency, good staff 24/7 support.""","","","· Closes 11 PM"
"https://www.google.com/maps/place/My+Guardian+-+Aged+%26+Disability+Care+-+VIC/data=!4m7!3m6!1s0x6ad65ddb79fb7205:0x2a123d643bb1cda!8m2!3d-37.8294853!4d144.9579608!16s%2Fg%2F11ntnghd78!19sChIJBXL7edtd1moR2hy7Q9YjoQI?authuser=0&hl=en&g_ep=EgoyMDI2MDkwMi4wIJJjKgBIAVAD&rclk=1","My Guardian - Aged & Disability Care - VIC","","","Aged care","·","·","Ste 19, Level 4/80 Market St","https://www.myguardian.com.au/","","Website","","Directions","+61 3 7073 1100","","Open","·","","Onsite services","","","· Closes 5 PM"
"https://www.google.com/maps/place/Terrace+Aged+Care+Facility/data=!4m7!3m6!1s0x6ad6419e8bd6a409:0xbe7385379a445a8!8m2!3d-37.8315874!4d145.0669267!16s%2Fg%2F12m99_43t!19sChIJCaTWi55B1moRqEWkeVM45ws?authuser=0&hl=en&g_ep=EgoyMDI2MDkwMi4wIJJjKgBIAVAD&rclk=1","Terrace Aged Care Facility","","","Adult day care center","·","·","Unit 22/20-24 Palmerston St","","","Directions","","","+61 3 9813 2922","","","","","","","",""
"https://www.google.com/maps/place/Italcare+Home+Support+Services/data=!4m7!3m6!1s0x6ad642d6eaaf547f:0x6b11983f883e2f94!8m2!3d-37.7989948!4d144.9681103!16s%2Fg%2F1pzpl9_y8!19sChIJf1Sv6tZC1moRlC8-iD-YEWs?authuser=0&hl=en&g_ep=EgoyMDI2MDkwMi4wIJJjKgBIAVAD&rclk=1","Italcare Home Support Services","3.0","(2)","Aged care","·","·","189 Faraday St","","","Directions","","","+61 3 8341 0700","","Opens soon","·","","","","","· 9 AM"
"https://www.google.com/maps/place/Aboriginal+Community+Elders+Services/data=!4m7!3m6!1s0x6ad6435fe8abf15d:0x4c26673faef81601!8m2!3d-37.764122!4d144.9819335!16s%2Fg%2F1tpn2q49!19sChIJXfGr6F9D1moRARb4rj9nJkw?authuser=0&hl=en&g_ep=EgoyMDI2MDkwMi4wIJJjKgBIAVAD&rclk=1","Aboriginal Community Elders Services","4.3","(18)","Aged care","·","·","5-6 Parkview Ave","http://www.acesinc.org.au/","","Website","","Directions","+61 3 9383 4244","","Opens soon","·","","","","","· 9 AM"
"https://www.google.com/maps/place/Prague+House/data=!4m7!3m6!1s0x6ad641610a7b404f:0xd3c961585d18e70d!8m2!3d-37.8091645!4d145.0519895!16s%2Fg%2F1s04g928c!19sChIJT0B7CmFB1moRDecYXVhhydM?authuser=0&hl=en&g_ep=EgoyMDI2MDkwMi4wIJJjKgBIAVAD&rclk=1","Prague House","2.0","(2)","Assisted living facility","·","·","253 Cotham Rd","http://aacs.com.au/","","Website","","Directions","+61 3 9231 8600","","","","","","","",""
"https://www.google.com/maps/place/Claremont+%26+Southport+Aged+Care+Limited/data=!4m7!3m6!1s0x6ad667fd85d00001:0x39cf7b94b6f5ef91!8m2!3d-37.8370177!4d144.9607964!16s%2Fg%2F11pz0kjw6x!19sChIJAQDQhf1n1moRke_1tpR7zzk?authuser=0&hl=en&g_ep=EgoyMDI2MDkwMi4wIJJjKgBIAVAD&rclk=1","Claremont & Southport Aged Care Limited","","","Aged care","·","·","203 Napier St","http://www.corevalue.com.au/melbourne","","Directions","","Website","","","","","https://ssl.gstatic.com/local/servicebusiness/default_user.png","""Shane was very knowledgeable about procedures in","aged care","""",""
"https://www.google.com/maps/place/Applied+Aged+Care+Solutions+Pty+Ltd/data=!4m7!3m6!1s0x6ad641232ba7eeeb:0xd6841222e4eb6a!8m2!3d-37.8131968!4d145.0826184!16s%2Fg%2F11h6b9xn8f!19sChIJ6-6nKyNB1moRauvkIhKE1gA?authuser=0&hl=en&g_ep=EgoyMDI2MDkwMi4wIJJjKgBIAVAD&rclk=1","Applied Aged Care Solutions Pty Ltd","5.0","(1)","Aged care","·","·","274A Whitehorse Rd","http://aacs.com.au/","","Website","","Directions","+61 3 9836 8852","","","","https://ssl.gstatic.com/local/servicebusiness/default_user.png","""Very friendly nursing agency, good staff 24/7 support.""","","",""
"https://www.google.com/maps/place/First+Choice+Care+%28Clinical+Facilitation%29+-+Melbourne/data=!4m7!3m6!1s0x6ad640e120d8f159:0xe259ac24edf95838!8m2!3d-37.8097323!4d144.9698872!16s%2Fg%2F1td5lv72!19sChIJWfHYIOFA1moROFj57SSsWeI?authuser=0&hl=en&g_ep=EgoyMDI2MDkwMi4wIJJjKgBIAVAD&rclk=1","First Choice Care (Clinical Facilitation) - Melbourne","4.7","(150)","Nursing agency","·","·","level 10/242 Exhibition St","","","","","Directions","+61 1300 307 241","","Open","·","","","","","· Closes 11 PM"
"https://www.google.com/maps/place/My+Guardian+-+Aged+%26+Disability+Care+-+VIC/data=!4m7!3m6!1s0x6ad65ddb79fb7205:0x2a123d643bb1cda!8m2!3d-37.8294853!4d144.9579608!16s%2Fg%2F11ntnghd78!19sChIJBXL7edtd1moR2hy7Q9YjoQI?authuser=0&hl=en&g_ep=EgoyMDI2MDkwMi4wIJJjKgBIAVAD&rclk=1","My Guardian - Aged & Disability Care - VIC","","","Aged care","·","·","Ste 19, Level 4/80 Market St","","","","","Directions","+61 3 7073 1100","","Open","·","","","","","· Closes 5 PM"
"https://www.google.com/maps/place/Terrace+Aged+Care+Facility/data=!4m7!3m6!1s0x6ad6419e8bd6a409:0xbe7385379a445a8!8m2!3d-37.8315874!4d145.0669267!16s%2Fg%2F12m99_43t!19sChIJCaTWi55B1moRqEWkeVM45ws?authuser=0&hl=en&g_ep=EgoyMDI2MDkwMi4wIJJjKgBIAVAD&rclk=1","Terrace Aged Care Facility","","","Adult day care center","·","·","Unit 22/20-24 Palmerston St","http://www.acesinc.org.au/","","Directions","","Website","+61 3 9813 2922","","","","","","","",""
"https://www.google.com/maps/place/Italcare+Home+Support+Services/data=!4m7!3m6!1s0x6ad642d6eaaf547f:0x6b11983f883e2f94!8m2!3d-37.7989948!4d144.9681103!16s%2Fg%2F1pzpl9_y8!19sChIJf1Sv6tZC1moRlC8-iD-YEWs?authuser=0&hl=en&g_ep=EgoyMDI2MDkwMi4wIJJjKgBIAVAD&rclk=1","Italcare Home Support Services","3.0","(2)","Aged care","·","·","189 Faraday St","https://www.google.com/aclk?sa=L&ai=DChsSEwj_trLUiuCWAxVykO4BHYzKAvcYACICCAEQCxoCZHo&co=1&ase=2&gclid=Cj0KCQjw5P7UBhDaARIsAOSlS1OwNkflEzGDcLpAjFvrjSZErmHSasHOSGrFEnHd7-FcTknKwH01UsEaArh1EALw_wcB&cid=CAASZeRorLKitao6olfdWk3cSsUrsN3vswySHCumR7-0tSwI-OoEbi2pvBZLikcj9Q8d26qTYcHHtE1bGAniO7PV1Mpv5Wv1ajNf7xg2lptrK5TLFEZr64uxCnC9w3Q7wdtUtVkPpn0A&cce=2&category=acrcp_v1_32&sig=AOD64_0vYvMxBsCdcrk9U634E5Vp-Uy_RQ&adurl&q&ctype=99&nis=5","","Directions","","Website","+61 3 8341 0700","","Opens soon","·","","","","","· 9 AM"
"https://www.google.com/maps/place/Aboriginal+Community+Elders+Services/data=!4m7!3m6!1s0x6ad6435fe8abf15d:0x4c26673faef81601!8m2!3d-37.764122!4d144.9819335!16s%2Fg%2F1tpn2q49!19sChIJXfGr6F9D1moRARb4rj9nJkw?authuser=0&hl=en&g_ep=EgoyMDI2MDkwMi4wIJJjKgBIAVAD&rclk=1","Aboriginal Community Elders Services","4.3","(18)","Aged care","·","·","5-6 Parkview Ave","https://www.google.com/aclk?sa=L&ai=DChsSEwj_trLUiuCWAxVykO4BHYzKAvcYACICCAEQARoCZHo&co=1&ase=2&gclid=Cj0KCQjw5P7UBhDaARIsAOSlS1MXTUqvImtWuI6GrYyg4UpLJ0sRZvoDpaYRqdiMxGTvtHEMrjD8LOEaAuvkEALw_wcB&cid=CAASZeRorLKitao6olfdWk3cSsUrsN3vswySHCumR7-0tSwI-OoEbi2pvBZLikcj9Q8d26qTYcHHtE1bGAniO7PV1Mpv5Wv1ajNf7xg2lptrK5TLFEZr64uxCnC9w3Q7wdtUtVkPpn0A&cce=2&category=acrcp_v1_32&sig=AOD64_28vEVbYPCR3V8McU_9PoLQ6ScldA&adurl&q&ctype=99&nis=5","","Website","","Directions","+61 3 9383 4244","","Opens soon","·","","","","","· 9 AM"
"https://www.google.com/maps/place/CarePage/data=!4m7!3m6!1s0x6ad642c83d2dbbd5:0x12bf9f4ecb9cc927!8m2!3d-37.8331188!4d144.9612873!16s%2Fg%2F11c3k2wm18!19sChIJ1bstPchC1moRJ8mcy06fvxI?authuser=0&hl=en&g_ep=EgoyMDI2MDkwMi4wIJJjKgBIAVAD&rclk=1","CarePage","4.8","(5)","Software company","·","·","Level 1/24 Bank Pl","https://www.carepage.com.au/","","Website","","Directions","","","Opens soon","","","","","","· 9 AM"
"https://www.google.com/maps/place/Wintringham+%26+Wintringham+Housing/data=!4m7!3m6!1s0x6ad65ce1b8cde0af:0xfa707b4cafb1037a!8m2!3d-37.795388!4d144.9370307!16s%2Fg%2F1tcxpthr!19sChIJr-DNuOFc1moRegOxr0x7cPo?authuser=0&hl=en&g_ep=EgoyMDI2MDkwMi4wIJJjKgBIAVAD&rclk=1","Wintringham & Wintringham Housing","3.9","(24)","Aged care","·","·","287-313 Macaulay Rd","http://www.wintringham.org.au/","","Website","","Directions","+61 3 9376 1122","","Opens soon","·","https://ssl.gstatic.com/local/servicebusiness/default_user.png","""Which runs many programs including being an","Aged","","· 9 AM"
"https://www.google.com/maps/place/Iris+Manor/data=!4m7!3m6!1s0x6ad641d073cffd51:0x9096cc881135590b!8m2!3d-37.8638791!4d145.0817588!16s%2Fg%2F1tdj4br3!19sChIJUf3Pc9BB1moRC1k1EYjMlpA?authuser=0&hl=en&g_ep=EgoyMDI2MDkwMi4wIJJjKgBIAVAD&rclk=1","Iris Manor","3.9","(16)","Assisted living facility","·","·","264 High St","https://www.irismanor.com.au/","","Website","","Directions","+61 3 9813 8566","","Open 24 hours","·","https://ssl.gstatic.com/local/servicebusiness/default_user.png","""Mardi Kini and the Home","Care","Package Team at Iris",""
"https://www.google.com/maps/place/Elderly+Chinese+Home+Inc./data=!4m7!3m6!1s0x6ad65cde498ac1e7:0xb43fb574b0cdf60b!8m2!3d-37.7836215!4d144.9406271!16s%2Fg%2F1td7z6tm!19sChIJ58GKSd5c1moRC_bNsHS1P7Q?authuser=0&hl=en&g_ep=EgoyMDI2MDkwMi4wIJJjKgBIAVAD&rclk=1","Elderly Chinese Home Inc.","4.2","(5)","Retirement home","·","·","129 Manningham St","http://echinc.com.au/","","Website","","Directions","+61 3 9328 4558","","","","","","","",""
"https://www.google.com/maps/place/St.+Vincent%27s+Care+Service/data=!4m7!3m6!1s0x6ad64186894aefb7:0x5c008934d394f9f7!8m2!3d-37.8317408!4d145.0537169!16s%2Fg%2F1pwfyf2tm!19sChIJt-9KiYZB1moR9_mU0zSJAFw?authuser=0&hl=en&g_ep=EgoyMDI2MDkwMi4wIJJjKgBIAVAD&rclk=1","St. Vincent's Care Service","","","Assisted living facility","·","·","4 King St","","","Directions","","","+61 3 9861 9600","","","","","","","",""
"https://www.google.com/maps/place/Respite+Australia+Care/data=!4m7!3m6!1s0x6ad65dcfdc8f5cc1:0x552efa5e1068c4e4!8m2!3d-37.812902!4d144.9566615!16s%2Fg%2F11lrn5swr7!19sChIJwVyP3M9d1moR5MRoEF76LlU?authuser=0&hl=en&g_ep=EgoyMDI2MDkwMi4wIJJjKgBIAVAD&rclk=1","Respite Australia Care","4.2","(5)","Disability services and support organization","·","·","Level 19/263 William St","https://www.respiteaustraliacare.com.au/","","Website","","Directions","+61 1800 953 944","","Open 24 hours","·","https://ssl.gstatic.com/local/servicebusiness/default_user.png","""Your facility is so clean and you've very friendly support staffs too.""","","",""
"https://www.google.com/maps/place/Better+Care+Options/data=!4m7!3m6!1s0x6ad668dbde8ffffd:0x29bb7c0751a41948!8m2!3d-37.8459492!4d145.0389885!16s%2Fg%2F11h3c52gyz!19sChIJ_f-P3tto1moRSBmkUQd8uyk?authuser=0&hl=en&g_ep=EgoyMDI2MDkwMi4wIJJjKgBIAVAD&rclk=1","Better Care Options","4.3","(6)","Aged care","·","·","23 Milton Parade","http://bettercareoptions.net.au/","","Website","","Directions","+61 409 576 211","","","","https://ssl.gstatic.com/local/servicebusiness/default_user.png","""They help with cleaning, shopping, driving, filling documents and much more.""","","",""
"https://www.google.com/maps/place/Doctors+in+Aged+Care/data=!4m7!3m6!1s0x6ad641787bedc49b:0xcd35920231f110fa!8m2!3d-37.825721!4d145.0580012!16s%2Fg%2F11vyr_r0mr!19sChIJm8Tte3hB1moR-hDxMQKSNc0?authuser=0&hl=en&g_ep=EgoyMDI2MDkwMi4wIJJjKgBIAVAD&rclk=1","Doctors in Aged Care","","","Aged care","·","·","Suite 60/738 Burke Rd","http://doctorsinagedcare.com.au/","","Website","","Directions","+61 1300 759 178","","Opens soon","·","","","","","· 9 AM"
"https://www.google.com/maps/place/Crewe+Sharp/data=!4m7!3m6!1s0x6ad668143cdfc377:0x3f14f0f4f60f81c8!8m2!3d-37.8564417!4d144.9848395!16s%2Fg%2F1vk6zc92!19sChIJd8PfPBRo1moRyIEP9vTwFD8?authuser=0&hl=en&g_ep=EgoyMDI2MDkwMi4wIJJjKgBIAVAD&rclk=1","Crewe Sharp","3.3","(44)","Nursing agency","·","G02/23 - 27 Wellington St","·","http://www.crewesharp.com.au/","","Website","","Directions","+61 1300 328 004","","Open 24 hours","","https://ssl.gstatic.com/local/servicebusiness/default_user.png","""Best Agency for","Aged care","job""",""
"https://www.google.com/maps/place/Aged+Care+and+Disability+Support/data=!4m7!3m6!1s0x6ad669bb6af7bbf9:0x699904789bd673f3!8m2!3d-37.8412448!4d144.9767698!16s%2Fg%2F11w43dy4nv!19sChIJ-bv3artp1moR83PWm3gEmWk?authuser=0&hl=en&g_ep=EgoyMDI2MDkwMi4wIJJjKgBIAVAD&rclk=1","Aged Care and Disability Support","5.0","(4)","Home health care service","·","·","470 St Kilda Rd","https://agedcaredisabilitysupport.com.au/","","Website","","Directions","+61 457 428 025","","Open","·","","","","","· Closes 6:30 PM"
"https://www.google.com/maps/place/Mercy+Place+Apartments+Parkville/data=!4m7!3m6!1s0x6ad65ce7fa1ba961:0x1d0adda8048c6229!8m2!3d-37.7766433!4d144.9389494!16s%2Fg%2F11b869rghc!19sChIJYakb-udc1moRKWKMBKjdCh0?authuser=0&hl=en&g_ep=EgoyMDI2MDkwMi4wIJJjKgBIAVAD&rclk=1","Mercy Place Apartments Parkville","4.2","(5)","Retirement community","·","·","62 Cade Way","https://retirement-living.mercyhealth.com.au/villages/mercy-place-parkville/?utm_source=google&utm_medium=organic&utm_campaign=Google+My+Business&utm_content=Mercy+Place+Apartments+Parkville&utm_term=plcid_8374160662591631794","","Website","","Directions","+61 3 9385 9446","","Opens soon","·","","","","","· 9 AM"
"https://www.google.com/maps/place/Villawood+Aged+Care+Pty+Ltd/data=!4m7!3m6!1s0x6ad669de61982a57:0xe7781f18443584bd!8m2!3d-37.8558896!4d145.0246646!16s%2Fg%2F11np3lh6dy!19sChIJVyqYYd5p1moRvYQ1RBgfeOc?authuser=0&hl=en&g_ep=EgoyMDI2MDkwMi4wIJJjKgBIAVAD&rclk=1","Villawood Aged Care Pty Ltd","","","Aged care","·","1113-1121 High St","","","","Directions","","","","","","","","","","",""
"https://www.google.com/maps/place/Housing+For+The+Aged+Action+Group/data=!4m7!3m6!1s0x6ad642b422ffe959:0x17a2dca9d3c0a9f5!8m2!3d-37.81686!4d144.966145!16s%2Fg%2F1tmz71vv!19sChIJWen_IrRC1moR9anA06ncohc?authuser=0&hl=en&g_ep=EgoyMDI2MDkwMi4wIJJjKgBIAVAD&rclk=1","Housing For The Aged Action Group","5.0","(1)","Non-profit organization","·","·","247 Flinders Ln","http://www.oldertenants.org.au/","","Website","","Directions","+61 3 9654 7389","","Closed","·","","","","","· Opens 10 AM"
"https://www.google.com/maps/place/Quality+Aged+Care+Services/data=!4m7!3m6!1s0x6ad65cfab7db8225:0x3206203bba28cfb0!8m2!3d-37.7736239!4d144.9275705!16s%2Fg%2F11m7__ztzg!19sChIJJYLbt_pc1moRsM8oujsgBjI?authuser=0&hl=en&g_ep=EgoyMDI2MDkwMi4wIJJjKgBIAVAD&rclk=1","Quality Aged Care Services","1.0","(1)","Corporate office","·","·","550 Mt Alexander Rd","http://qualityagedcare.com.au/","","Website","","Directions","+61 3 9377 3333","","","","","","","",""
"https://www.google.com/maps/place/Doutta+Galla+Queens+Park+Aged+Care+Home/data=!4m7!3m6!1s0x6ad65db2698f033d:0x36630354b46b6e43!8m2!3d-37.7600155!4d144.9243876!16s%2Fg%2F11z93n80t3!19sChIJPQOPabJd1moRQ25rtFQDYzY?authuser=0&hl=en&g_ep=EgoyMDI2MDkwMi4wIJJjKgBIAVAD&rclk=1","Doutta Galla Queens Park Aged Care Home","","","Aged care","·","·","13 The Strand","https://www.dgas.org.au/aged-care/queens-park/","","Website","","Directions","+61 3 9372 8888","","Open 24 hours","·","","","","",""
"https://www.google.com/maps/place/Aged+Care+View/data=!4m7!3m6!1s0x6ad642b3654b6063:0x8d112fd177135ee6!8m2!3d-37.8177681!4d144.9632056!16s%2Fg%2F11vs82l4wj!19sChIJY2BLZbNC1moR5l4Td9EvEY0?authuser=0&hl=en&g_ep=EgoyMDI2MDkwMi4wIJJjKgBIAVAD&rclk=1","Aged Care View","","","Basement/335 Flinders Ln","","","","https://www.agedcareview.com.au/information/retirement-living/contacts-and-resources/","","Website","","Directions","+61 3 9629 4520","","","","","","","",""
"https://www.google.com/maps/place/Care+Connect/data=!4m7!3m6!1s0x6ad64302712d9b05:0x4e8cdd99a12decde!8m2!3d-37.8053815!4d144.9979321!16s%2Fg%2F1tfchx6s!19sChIJBZstcQJD1moR3uwtoZndjE4?authuser=0&hl=en&g_ep=EgoyMDI2MDkwMi4wIJJjKgBIAVAD&rclk=1","Care Connect","3.6","(19)","Aged care","·","·","Level 1/204-206 Gipps St","https://www.careconnect.org.au/","","Website","","Directions","+61 1800 692 464","","Open","·","https://ssl.gstatic.com/local/servicebusiness/default_user.png","""Our","care","manager is fantastic.""","· Closes 5 PM"
"https://www.google.com/maps/place/Benetas+Support+Office/data=!4m7!3m6!1s0x6ad64327bae4b46f:0xb6982433a82f9499!8m2!3d-37.8450322!4d145.044166!16s%2Fg%2F1tfnyqtz!19sChIJb7TkuidD1moRmZQvqDMkmLY?authuser=0&hl=en&g_ep=EgoyMDI2MDkwMi4wIJJjKgBIAVAD&rclk=1","Benetas Support Office","4.0","(11)","Aged care","·","·","1/789 Toorak Rd","https://www.benetas.com.au/","","Website","","Directions","+61 3 8823 7900","","Opens soon","·","","","","","· 9 AM"
"https://www.google.com/maps/place/New+Care+Services+Ltd./data=!4m7!3m6!1s0x6ad65d8a46081489:0xabbdfe34547c1cf4!8m2!3d-37.7630061!4d144.9621582!16s%2Fg%2F11sv1s1r8t!19sChIJiRQIRopd1moR9Bx8VDT-vas?authuser=0&hl=en&g_ep=EgoyMDI2MDkwMi4wIJJjKgBIAVAD&rclk=1","New Care Services Ltd.","4.5","(17)","Aged care","·","·","601 Sydney Rd","http://www.newcareservices.com.au/","","Website","","Directions","+61 1300 639 227","","Opens soon","·","https://ssl.gstatic.com/local/servicebusiness/default_user.png","""... nothing but great experiences with the team at New","Care Services",".""","· 9 AM"
"https://www.google.com/maps/place/NurseU+nursing+agency+and+home+care/data=!4m7!3m6!1s0x6ad65de0d92884c3:0x4dca5cd6a4c9164c!8m2!3d-37.8177615!4d144.9553974!16s%2Fg%2F11rwfhpwrn!19sChIJw4Qo2eBd1moRTBbJpNZcyk0?authuser=0&hl=en&g_ep=EgoyMDI2MDkwMi4wIJJjKgBIAVAD&rclk=1","NurseU nursing agency and home care","5.0","(46)","Nursing agency","·","·","Ste 777/585 Little Collins St","http://www.nurseu.com.au/","","Website","","Directions","+61 1800 687 738","","Open 24 hours","·","https://ssl.gstatic.com/local/servicebusiness/default_user.png","""Exceptional","care","and great communication from management.""",""
"","","","","","","","","","","","","","","","","","","","","",""